city,quality_score_mean,quality_score_median,quality_score_min,quality_score_max,quality_score_std,confidence_level_<lambda>,missing_values_percentage_mean,outlier_count_sum,SO2_mean,SO2_median,NO2_mean,NO2_median,PM2.5_mean,PM2.5_median,RSPM_mean,RSPM_median,SPM_mean,SPM_median,total_measurements
ANKLESHWAR,94.12,94.12,94.12,94.12,0.0,100.0,5.88,0,18.940119760479043,19.0,22.898203592814372,22.0,32.55688622754491,32.0,83.86826347305389,83.0,,,167
Agra,83.32966602792224,82.35,52.35,94.12,5.989548275125349,3.0796605529701613,16.068773610730904,849,6.1689162561578,5.0,19.80431361259263,16.0,,,178.75745931287975,166.0,364.4418576304973,351.0,7306
Ahmedabad,85.58021099744245,82.35,47.35,94.12,5.539038056681248,19.91687979539642,14.307097186700767,93,14.184335897850616,13.0,22.35070432691987,21.0,29.115506329113924,29.0,94.31506972478165,86.0,217.5459650872818,204.0,6256
Aizawl,84.48581594741354,88.24,58.24,94.12,7.34377407800832,8.91683338096599,15.497036296084595,0,2.090873267326337,2.0,7.7839750445625,6.0,,,42.521250238210406,39.0,87.83333333317916,83.0,3499
Akola,86.15030534351143,88.24,58.24,88.24,7.640662391356635,0.0,11.76,0,7.937022900763359,8.0,9.357824427480915,9.0,,,133.35925890620229,132.0,,,1048
Alappuzha,85.85515211640211,88.24,58.24,88.24,8.112184663612757,0.0,11.763895502645502,0,2.5297619047619047,2.0,4.709794837855725,4.5,,,44.332671957671955,43.0,,,1512
Allahabad,86.0496565774156,88.24,58.81999999999999,94.12,4.871663904722014,11.233993015133876,13.231484284051222,247,5.435484248616219,4.0,28.706508679543592,26.1,,,230.81070860004078,232.0,418.91898487130305,385.0,1718
Alwar,84.52269353977576,83.24,40.59,94.12,5.907463196765891,10.704751735184196,15.004802455953016,330,10.39871943545577,8.4,26.837744801676287,22.0,,,173.1661090835128,153.0,269.75611927013796,238.0,3746
Amlai,86.9536974789916,88.24,70.59,88.24,3.35402461649352,0.0,13.046302521008403,0,15.017391304347827,16.0,23.5,27.0,,,64.58823529411765,61.5,,,119
Amona,93.9231772575251,94.12,82.35,94.12,1.5117897762370078,98.32775919732441,6.076822742474916,0,6.965986394557823,6.0,12.040816326530612,11.0,21.410679611650487,21.1,64.95652173913044,61.0,25.83295918367347,24.8,299
Amravati,83.41433631921824,88.24,58.24,88.24,6.274855661413078,0.0,16.463513843648208,0,11.138558631921823,11.0,13.364751426255093,13.0,,,92.83204555043442,89.0,,,2456
Amritsar,83.5945052473763,88.24,58.81999999999999,88.24,5.932578940968259,0.0,16.35676911544228,13,13.548027314112291,13.7,35.917678300455236,36.2,,,194.20838183934808,193.0,407.69584245076584,401.0,1334
Ananthapur,88.24,88.24,88.24,88.24,0.0,0.0,11.76,0,4.651234567901234,5.0,11.188271604938272,10.0,,,77.96913580246914,79.5,,,324
Angul,86.64215103945693,88.24,40.59,94.12,5.6548283827449835,26.38947815019092,13.323907509546032,4,7.210308992861828,6.7,18.98652705438802,20.0,58.819047619047616,55.0,101.9119571168385,96.0,199.1946081021334,178.0,2357
Ankleshwar,90.21182258064516,94.12,47.35,94.12,5.123289185185125,50.16129032258064,9.437370967741936,69,21.505161290322583,16.0,24.95774193548387,24.0,30.184,30.0,93.8348134991119,90.0,133.69871794871796,146.0,1240
Anklesvar,82.33265010351967,82.35,70.59,82.35,0.4109975426158383,0.0,17.66217391304348,1,21.130155440414505,21.2,28.120621761658033,27.5,,,105.98550724637681,108.0,184.5134575569358,182.0,966
Anpara,84.36793405461103,82.35,40.59,94.12,5.03951426514882,10.767645543534261,15.15035548686244,169,22.490230775934236,18.7,31.826738691732775,29.4,,,132.61939102548078,133.0,264.63654891317935,262.0,1941
Asansol,87.01215661901803,88.24,67.35,94.12,4.66796139310248,17.712865133623367,12.512392790553138,153,7.682566601689408,7.1,57.74940957116221,56.2,,,127.48202817525794,98.0,287.98633517459666,234.0,1609
Assanora,93.94228187919464,94.12,76.47,94.12,1.554519043186716,98.65771812080537,6.05771812080537,0,6.503401360544218,6.0,11.374149659863946,11.0,17.766990291262136,17.0,60.2962962962963,56.0,26.61553846153846,24.16,298
Aurangabad,88.91427406199021,88.24,46.47,94.12,3.035029027892191,15.769439912996194,11.050380641653073,1,9.968360244482211,9.0,33.02465982484948,32.0,,,81.51146258499725,81.0,196.46612500075,177.0,1839
Aurangabad (MS),80.32197278911565,82.35,58.81999999999999,82.35,5.240052445988078,0.0,19.665272108843535,3,6.376527900797166,5.6,20.873445825932503,20.0,,,75.9853515625,71.0,227.1027397260274,219.5,1176
Baddi,81.61792580101181,82.35,58.81999999999999,88.24,7.5685731265068386,0.0,18.262344013490726,71,2.6043728976453626,2.0,18.13484496124031,16.0,,,104.73100375234522,98.5,347.2090558766859,329.5,2965
Badlapur,86.98464957264957,88.24,77.35,94.12,3.867075005463551,9.401709401709402,10.895692307692308,248,27.14162348877375,24.0,64.45128205128205,61.0,,,110.74871794871795,103.0,141.43478260869566,130.5,585
Balasore,86.58169491525423,88.24,64.71000000000001,94.12,5.420707114622436,12.106537530266344,13.418305084745763,0,3.1558793969849246,2.0,12.08008340062389,12.0,53.82,52.0,79.95697874630348,81.66666667,151.18813105441595,157.6666667,1239
Bangalore,85.39946396396395,88.24,52.35,94.12,4.4083401411610765,5.285285285285285,14.38582132132132,244,13.670073058653966,14.0,33.11424054462935,31.0,,,105.29906850861128,83.0,214.24519230769232,177.0,6660
Bareilly,87.62551315789473,88.24,76.47,88.24,2.43310744882633,0.0,12.170539473684212,31,12.318059299191376,12.0,31.15994623655914,23.0,,,233.03805757948717,227.0,,,760
Baroda,84.42886524822694,82.35,47.35,94.12,7.292275946728619,29.078014184397162,14.486028368794326,105,25.219432624113477,18.0,25.231205673758865,25.0,,,179.23870192307692,172.0,280.5059880239521,272.0,705
Barrackpore,90.24358068315667,89.12,78.24,94.12,3.69783598029626,40.40047114252061,8.76113074204947,169,14.226796230859835,10.0,58.59163722025913,57.9,75.75,72.0,110.50230467227327,100.0,230.3354609937082,214.0,849
Baruipur,64.71000000000001,64.71000000000001,64.71000000000001,64.71000000000001,0.0,0.0,35.29,0,,,,,,,95.84444444444445,89.0,,,45
Bathinda,82.17413978494623,88.24,58.81999999999999,88.24,6.5001628001330145,0.0,17.739838709677418,16,8.86495633187773,8.0,21.921724890829694,20.7,,,145.8548707753479,123.0,222.28605769230768,210.0,930
Belgaum,82.31185654008438,82.35,58.24,88.24,5.399760551468257,0.0,17.64594936708861,0,2.375934579439252,2.0,14.654390934844193,13.0,,,44.6437125748503,43.0,64.90789473684211,52.5,711
Berhampur,83.37363861386137,76.47,70.59,94.12,7.6932446189100565,22.524752475247524,16.626361386138615,0,2.0314720812182743,2.0,15.607953586468355,15.0,31.7816091954023,28.0,63.18935643565594,58.0,149.26965562122805,134.6666667,808
Bharuch,78.88495750708215,82.35,40.59,94.12,8.287064300963431,13.59773371104816,21.030056657223795,0,6.026490066225166,2.0,11.563294797687862,13.2,29.8125,30.0,22.49438202247191,0.0,58.41004184100419,0.0,353
Bhilai,86.74363252375925,88.24,46.47,88.24,3.752766150644652,0.0,13.211488912354806,11,10.158375350140057,10.0,23.546818914562063,22.0,,,106.55351944792973,90.0,198.0536398467433,196.0,1894
Bhilai Nagar,81.29607454401268,82.35,58.81999999999999,82.35,3.061849201209414,0.0,18.70392545598731,0,18.56490250696379,22.2,24.702252614641996,26.5,,,117.63250600480384,103.0,207.55964771817455,190.0,1261
Bhopal,84.75132212235431,83.24,46.47,94.12,7.15341519468439,19.251957089011306,14.980484198318353,179,5.4130210127454355,4.2,17.794970294920113,15.6,79.1,65.0,117.72671774805674,91.0,214.2436137862291,198.0,3449
Bhubaneshwar,76.5211076923077,76.47,66.47,82.35,0.9199114681618251,0.0,23.4712,2,7.913636363636363,6.1,16.443343653250775,16.0,,,76.06384615384616,72.0,144.46420323325634,138.0,1300
Bhubaneswar,91.77944258172674,94.12,82.35,94.12,2.89786953903302,60.35205364626991,8.189124056999162,15,2.0735471698113206,2.0,16.9788022362,16.36666667,31.534736842105264,22.0,82.5784045822674,68.33333333499999,138.91770491770492,121.5,2386
Bhuj,94.12,94.12,94.12,94.12,0.0,100.0,5.88,0,13.375,14.0,20.708333333333332,21.0,30.166666666666668,30.5,85.91666666666667,87.0,,,24
Bicholim,93.96358803986712,94.12,82.35,94.12,1.3500218824361654,98.67109634551495,6.036411960132891,0,6.71043771043771,6.0,12.232323232323232,11.0,18.24271844660194,17.0,72.6578073089701,58.0,29.261868686868688,25.88,301
Bidar,88.24,88.24,88.24,88.24,0.0,0.0,11.759999999999998,0,6.056818181818182,6.0,13.272727272727273,13.0,,,63.39772727272727,61.0,,,88
Bijapur,88.24,88.24,88.24,88.24,0.0,0.0,11.76,0,2.235294117647059,2.0,16.58823529411765,14.0,,,99.08823529411765,91.0,,,68
Bilaspur,86.59695833333333,88.24,70.59,88.24,4.3113254956727,0.0,13.403041666666667,0,5.623853211009174,5.5,21.60909090909091,21.0,,,105.13023255813954,101.0,,,240
Bombay,75.12966903073286,76.47,46.47,76.47,3.13072631885394,0.0,24.113829787234042,52,21.169739952718675,14.9,30.061229314420803,27.3,,,,,240.6220472440945,225.0,423
Bongaigaon,85.63619274241523,88.24,70.59,88.24,3.4727804862509073,0.0,14.348935157644258,5,5.9421940928270045,6.0,13.087357013847079,13.0,,,54.37772397094431,46.0,105.1811377245509,81.0,1681
Byrnihat,86.62235294117646,88.24,83.24,88.24,2.341410409190246,0.0,11.76,165,45.47506535931373,29.0,16.67604575165686,16.0,,,146.49433333352943,148.0,,,510
Calcutta,79.31304964539007,76.47,60.59,94.12,8.198607120210287,15.780141843971633,19.064609929078014,183,23.768617021276597,12.6,48.374468085106386,39.349999999999994,,,137.44021739130434,124.5,273.7386363636364,220.5,564
Champhai,87.98624600638978,88.24,70.59,88.24,2.1027196401289547,0.0,12.013753993610223,0,2.030032414910859,2.0,4.837841707184765,5.0,,,45.96866558611021,29.0,,,626
Chandarpur,74.95779220779221,76.47,46.47,76.47,4.338978967749221,0.0,24.522727272727273,2,16.535135135135135,14.7,27.660810810810812,26.2,,,,,152.25714285714287,150.5,77
Chandigarh,82.55332981220657,82.35,52.35,94.12,7.146860289708523,11.009389671361502,17.40030868544601,43,2.6769857433808553,2.0,18.61940416556815,16.0,,,96.58707934168508,87.0,206.0561502726722,187.0,8520
Chandrapur,85.80819322459222,88.24,52.35,94.12,4.520944171698035,7.611877875365956,13.533086574654956,624,20.487356067316206,15.7,29.459831223628694,26.0,,,131.73015873015873,114.0,268.4786601836845,201.0,4782
Chennai,86.78975022569966,88.24,58.81999999999999,94.12,4.966487771085567,15.046644598254588,13.18843213963286,23,11.69563340132622,11.8,19.264114395003144,18.0,23.06040268456376,21.0,62.79188311685034,55.0,142.14856960824181,129.0,6646
Chhindwara,88.00456,88.24,76.47,88.24,1.5678959107978985,0.0,11.99544,0,7.682926829268292,8.0,31.217741935483872,31.0,,,84.8130081300813,85.0,,,125
Chitradurga,88.24,88.24,88.24,88.24,0.0,0.0,11.76,0,3.043918918918919,3.0,5.621621621621622,5.0,,,38.48986486486486,34.0,,,296
Chittoor,85.21066799601196,88.24,58.24,94.12,9.687325199115394,6.380857427716849,11.349651046859421,0,4.591226321036889,5.0,11.01395812562313,10.0,,,55.42757242757243,59.0,104.47222222222223,105.0,1003
Chittorgarh,77.3111111111111,82.35,64.71000000000001,82.35,7.587951267927631,0.0,22.549999999999997,1,20.656,17.5,50.891999999999996,50.7,,,,,237.46428571428572,193.5,36
Cochin,78.33608866995073,76.47,46.47,82.35,4.876136510623594,0.0,21.26489655172414,21,10.389333333333333,7.6,15.373975409836065,11.9,,,,,120.76008724100328,99.0,1015
Codli,93.96358803986712,94.12,82.35,94.12,1.350021882436165,98.67109634551495,6.036411960132891,0,6.872053872053872,6.0,12.134680134680135,11.0,16.359223300970875,15.0,58.073089700996675,51.0,24.604949494949494,21.75,301
Coimbatore,85.8264871481028,88.24,58.81999999999999,94.12,6.1636764862786855,18.421052631578945,14.141383108935129,21,5.7372680017504925,4.7,29.535602254409017,26.0,30.048,28.0,65.41723401869127,58.0,132.29250905794024,110.0,3268
Cuddalore,88.29410138248848,88.24,76.47,94.12,1.3443904820279486,2.457757296466974,11.70589861751152,0,9.110077519379844,9.0,19.780525502318394,21.0,26.5,26.0,57.53149001536098,56.0,,,651
Cuncolim,94.12,94.12,94.12,94.12,0.0,100.0,5.88,0,3.883495145631068,4.0,8.631067961165048,9.0,21.718446601941746,19.0,55.14563106796116,49.0,,,103
Curchorem,93.92833876221498,94.12,82.35,94.12,1.4142170895475707,98.0456026058632,6.071661237785016,0,5.924092409240924,5.0,12.47682119205298,12.0,17.233009708737864,16.0,64.01628664495114,55.0,29.823152709359608,23.4,307
Cuttack,85.93481856990395,88.24,58.81999999999999,94.12,7.652634740192301,38.84738527214515,14.05184098185699,5,2.4841149973505567,2.0,25.072989120727662,24.4,43.08247422680412,38.0,82.03281612271267,74.66666667,227.5645981689522,207.0,1874
DANKUNI,88.19145631067961,88.24,83.24,88.24,0.4926646390821463,0.0,11.76,1,15.087378640776699,14.0,43.679611650485434,43.0,,,126.59223300970874,124.0,,,103
Daman,84.70676970633694,82.35,46.47,94.12,4.726093424139415,8.346213292117465,15.246862442040184,0,8.680685358255452,7.8,18.31495327102804,18.25,27.886363636363637,28.0,73.749430523918,78.0,160.76102088167053,180.0,647
Daman Diu & Nagar,81.55626506024096,82.35,52.35,82.35,4.647949228023789,0.0,17.720843373493974,0,5.841212121212121,4.6,6.440963855421687,5.8,,,,,96.96969696969697,98.0,166
Damtal,84.32548387096774,88.24,58.81999999999999,88.24,5.5058189800546025,0.0,15.660933786078097,8,2.589054726368159,2.0,14.088480222068009,13.0,,,82.35177364864865,69.0,156.98814229249012,145.0,2945
Daranga,88.21050125313283,88.24,76.47,88.24,0.5892370071767098,0.0,11.789498746867169,0,5.6643216080402015,6.0,13.394974874371858,13.0,,,69.99498746867168,59.0,,,399
Davangere,88.18293865905848,88.24,83.24,88.24,0.5314636748268715,0.0,11.76,8,5.567760342368046,5.0,9.286733238231099,9.0,,,107.78744650499287,76.0,,,701
Dawki,88.24,88.24,88.24,88.24,0.0,0.0,11.76,0,2.398431372547059,2.0,9.282581699368627,10.0,,,50.14379084954901,46.0,,,510
Dehradoon,80.12770992366411,82.35,47.35,82.35,4.606825947457662,0.0,18.727251908396948,36,22.13423076923077,20.35,20.66456692913386,19.85,,,,,412.0044642857143,358.5,262
Dehradun,85.63037900874635,88.24,58.81999999999999,94.12,5.178803453154712,7.968901846452867,14.272439261418853,14,25.066510474090407,26.0,27.625782800441012,28.2,,,155.55865694130785,147.0,290.76258536512194,278.5,1029
Delhi,82.18197988539352,82.35,46.47,94.12,5.459863188103876,3.2861653607765176,16.3199497134838,2550,8.737272727272728,6.0,53.48914699637817,47.0,95.11320754716981,86.0,196.63977051147444,171.0,399.40208829455946,366.0,8551
Dera Baba,87.93021381578947,88.24,70.59,88.24,1.9155684340104298,0.0,12.069786184210527,0,7.133558178752107,7.0,13.291,13.0,,,71.8848080133556,69.0,,,608
Dera Bassi,83.29469967532467,88.24,58.81999999999999,88.24,6.008566728280586,0.0,16.69921266233766,3,8.511291666666667,8.0,22.73305954825462,21.7,,,123.50728660652325,113.0,223.9869739478958,213.0,2464
Dewas,85.96024760832863,88.24,58.81999999999999,94.12,6.934501916543642,25.211029825548675,14.031311198649409,3,15.849038461538461,15.0,22.260493046776233,21.0,,,83.52447980416157,88.0,192.15970961887479,172.0,1777
Dhanbad,86.0873037542662,88.24,52.35,94.12,4.9546768475365095,7.736063708759955,13.676632536973834,65,17.916989982304067,15.0,40.54935707278399,38.6,,,161.8901420078996,166.925,229.8422794117647,218.64499999999998,1758
Dharamshala,87.45364372469635,88.24,76.47,88.24,2.8228071715645866,0.0,12.546356275303642,0,2.0,2.0,9.904761904761905,9.0,,,35.23481781376518,32.0,,,247
Dharuhera,82.35,82.35,82.35,82.35,,0.0,17.65,0,37.8,37.8,32.1,32.1,,,,,339.0,339.0,1
Dharwad,88.24,88.24,88.24,88.24,0.0,0.0,11.76,0,5.965770171149145,6.0,17.237163814180928,16.0,,,75.17114914425427,74.0,,,409
Dibrugarh,85.86920253164557,88.24,70.59,88.24,3.038251531233169,0.0,14.13079746835443,0,6.020434227330779,6.0,13.389467005076142,13.0,,,62.64430379746835,48.0,93.47249190938511,84.0,790
Dimapur,82.54145371947757,82.35,58.81999999999999,94.12,6.808119345447943,10.505394662123793,17.45854628052243,0,2.1068539325842695,2.0,10.822417153996103,10.0,,,83.79659090909091,76.0,134.51470588235293,135.0,1761
Dombivli,84.60528415961305,88.24,58.81999999999999,88.24,5.121228407068343,0.0,13.254449818621524,354,31.87478787878788,26.0,60.568,54.0,,,110.97071129707113,100.0,159.81690140845072,143.0,827
Domlur,88.24,88.24,88.24,88.24,0.0,0.0,11.76,0,6.801587301587301,7.0,12.523809523809524,12.0,,,58.595238095238095,59.0,,,126
Durgapur,90.95068062827225,94.12,73.24,94.12,3.6396759101914795,51.62303664921466,8.410575916230366,122,8.157981157469717,8.0,57.17541448058762,56.9,67.0576923076923,64.5,132.7104083770157,104.0,268.4012181445718,212.15,955
Durgapur (WB),80.96390545454545,82.35,67.35,82.35,3.3152688672395976,0.0,17.654276363636363,380,8.1576,7.0,59.00327272727273,55.5,,,140.04363636363635,107.0,297.8711790393013,227.0,1375
Eluru,80.9662,76.47,71.47,88.24,5.920921996132099,0.0,18.900466666666667,8,5.127118644067797,5.0,20.83050847457627,22.0,,,103.92,91.0,,,300
Faridabad,86.75310010764261,88.24,52.35,94.12,4.229859404048586,12.055974165769644,13.098891280947255,37,15.694456404736275,12.0,28.715562735595046,23.0,,,170.53697718631176,167.0,329.63726708074535,316.0,1858
Faridkot,83.8680412371134,82.35,82.35,88.24,2.5895843614272285,0.0,16.131958762886597,0,4.6,5.0,13.072164948453608,13.0,,,89.75257731958763,85.0,,,97
Firozabad,84.13551908396947,82.35,58.81999999999999,94.12,6.35438906001959,11.755725190839694,15.46371755725191,210,16.749806501544505,15.0,30.459168925001933,31.0,,,198.9409389197678,203.0,388.51118963484095,428.5,2620
Gajraula,86.21622015915119,88.24,58.81999999999999,94.12,7.268838420318245,17.44031830238727,13.724098143236073,18,21.58169910179641,20.0,25.052527527530028,23.4,,,119.88372318339101,103.33,237.82475884244374,231.0,1508
Gajroula,71.36281105990783,71.47,34.71000000000001,76.47,6.077799836919187,0.0,26.86299539170507,65,44.33910614525139,30.9,31.213333333333335,15.8,,,,,318.65829145728645,297.0,217
Gangtok,82.35,82.35,82.35,82.35,,0.0,17.65,0,19.8,19.8,26.8,26.8,,,32.0,32.0,75.0,75.0,1
Ghaziabad,84.98431906614785,88.24,58.81999999999999,94.12,6.004058102374385,10.749027237354086,14.137762645914396,361,24.085598377281947,25.0,29.893453000348593,33.0,,,250.51325363825364,245.0,410.60194624652456,432.0,2056
Gobindgarh,84.08603370221329,88.24,58.81999999999999,94.12,6.422910661954075,5.8350100603621735,15.790726861167002,98,10.909097801364672,10.0,32.922259287338896,32.7,,,196.3034371643394,198.0,131.73401534526855,0.0,3976
Golaghat,85.91704384724187,88.24,76.47,88.24,3.042564316940673,0.0,14.075884016973125,1,6.0534285714285705,6.0,13.771022727272726,13.8,,,76.86968838526913,69.0,102.30337078651685,88.0,707
Gorakhpur,87.80007462686567,88.24,70.59,88.24,2.648622479848783,0.0,12.155149253731343,6,18.859541984732825,20.0,35.112977099236645,35.0,,,123.22290076335878,123.0,,,670
Greater Mumbai,74.7511030478955,76.47,64.71000000000001,82.35,2.8291269407068294,0.0,23.862830188679247,191,32.01306901615272,28.7,43.81768202080238,38.5,,,97.67857142857143,89.0,200.0,200.0,689
Gulbarga,83.85260756192959,82.35,58.24,88.24,4.735055504743058,0.0,15.867079530638852,1,3.1693233082706764,2.9,13.419257221458047,12.6,,,76.23468057366362,68.0,201.4198473282443,190.0,767
Guntur,88.48240063593005,88.24,70.59,94.12,2.5388325703218304,10.969793322734498,11.517599364069952,0,4.270222929936305,5.0,16.203025477707005,15.0,,,81.36942675159236,77.0,198.92660550458714,191.0,629
Guwahati,85.6998938301282,88.24,46.47,88.24,3.6159458428080913,0.0,14.241512419871793,99,7.160108849022375,7.0,15.657674138104333,14.8,,,109.65981922760888,91.0,177.26242071881606,150.0,9984
Gwalior,85.17626543209877,83.24,58.81999999999999,94.12,6.652572813458845,17.05246913580247,14.160154320987653,172,10.229503367003367,10.0,18.436479591836733,17.2,77.18741721854305,76.4,201.16662591678892,180.0,305.1951612903226,297.5,1296
HALDIA,88.19192307692308,88.24,83.24,88.24,0.4902903378454598,0.0,11.76,1,19.26923076923077,19.0,50.05769230769231,50.0,,,152.57692307692307,150.0,,,104
Hailakandi,82.17181818181818,82.35,70.59,82.35,1.2734486493182953,0.0,17.828181818181815,0,5.721145374449339,5.3,12.82719298245614,12.8,,,56.85281385281385,46.0,98.56277056277057,85.0,231
Haldia,86.29121797564048,88.24,52.35,94.12,5.1964899379846425,18.143637127257456,13.614283914321712,27,11.78276024493641,10.9,43.866751592356685,46.6,,,85.8593339587242,74.0,151.9530373831776,126.85,2381
Haldwani,76.91023622047244,76.47,70.59,88.24,2.3275937003905693,0.0,23.08976377952756,0,16.8,17.0,24.1,24.0,,,138.47826086956522,139.0,,,254
Haridwar,85.02354515050166,88.24,58.24,88.24,6.742956912708685,0.0,14.357725752508362,1,25.72699588477366,26.0,27.75010631,28.0,,,127.93640979749105,124.0,,,299
Hassan,85.39940429687499,88.24,77.35,88.24,2.9536109974674796,0.0,14.595712890624998,1,5.1263671875,5.0,20.52294921875,19.0,,,46.48828125,42.0,152.97768762677484,137.0,1024
Hisar,79.63653162055336,82.35,58.24,88.24,8.741109391753664,0.0,20.279476284584977,11,7.085507246376811,7.0,7.55410094637224,7.2,,,109.36051502145922,86.0,200.12457912457913,175.5,1012
Honda,93.88563333333335,94.12,82.35,94.12,1.3856893768274403,96.66666666666667,5.9977,7,7.5353535353535355,6.0,12.713804713804715,11.0,16.825242718446603,14.0,86.43666666666667,58.5,31.17781725888325,25.2,300
Hoshiarpur,87.97238636363636,88.24,76.47,88.24,1.522304661094888,0.0,12.027613636363638,0,7.270588235294118,7.0,14.563218390804598,14.0,,,73.48863636363636,68.5,,,88
Howrah,82.99486531519022,82.35,37.35,94.12,6.431634282540866,11.052485420716469,14.736320466537073,1592,17.018686427457098,9.5,78.00862982802367,69.0,72.8173076923077,74.0,117.06207612842414,89.0,237.70835440132558,195.0,3601
Hubli,88.24,88.24,88.24,88.24,0.0,0.0,11.76,0,6.034063260340632,6.0,17.104622871046228,16.0,,,92.2043795620438,88.0,,,411
Hubli-Dharwad,78.23903669724771,76.47,60.59,82.35,3.9800883268279126,0.0,21.70935779816514,9,4.0477045908183635,3.8,10.460686427457098,10.1,,,90.16857798165138,75.0,197.58256880733944,180.0,872
Hyderabad,85.02966483914348,82.35,40.59,94.12,5.298176570820665,10.830661011689251,14.92326781835109,55,5.494183326244152,5.0,25.720543489665303,25.0,,,87.34295671725688,83.0,218.22379257752925,209.0,9667
Imphal,78.40421052631578,76.47,76.47,82.35,2.7809615906051324,0.0,21.59578947368421,0,3.9,3.8,20.173684210526318,19.8,,,69.8157894736842,61.0,158.6578947368421,120.5,76
Indore,85.84770254629629,88.24,46.47,94.12,6.398334365341829,19.29976851851852,14.069832175925924,39,10.416186913056649,10.68,17.32845511669659,18.8,,,130.74997959877592,119.0,222.53498084291186,219.0,3456
Itanagar,84.97022222222222,88.24,76.47,88.24,5.1053071712808125,0.0,15.02977777777778,0,3.3636363636363638,2.0,6.212121212121212,5.0,,,85.36363636363636,86.5,,,45
Jabalpur,82.46842479674795,82.35,58.81999999999999,94.12,8.173693409072113,13.821138211382115,17.496006097560976,7,2.306083650190114,2.0,23.611452810180275,23.3,39.857142857142854,40.0,91.88248337028824,82.0,220.66608695652175,234.0,984
Jaipur,84.92742675159235,82.35,40.59,94.12,5.297173762377701,10.726114649681529,14.645821656050956,604,6.993742009716185,6.0,34.47726984533171,34.3,,,144.35478577237828,116.0,304.07538849223016,263.0,7850
Jalandhar,81.51932346723044,76.47,58.81999999999999,88.24,6.5444940116390615,0.0,18.441035940803385,30,12.943490228461325,13.0,28.690926587847127,28.3,,,162.3509821175135,157.0,242.28699551569505,236.0,3784
Jalgaon,88.2942687533729,88.24,78.24,94.12,2.4155538487922805,7.393416082029142,11.325267134376688,141,20.052887209929843,17.0,45.19212088505127,43.0,,,118.13113869400972,117.0,193.31386861313868,189.0,1853
Jalna,88.16133701657458,88.24,70.59,88.24,0.9004597413585218,0.0,11.805513812154697,6,9.660753880266075,10.0,29.29490022172949,30.0,,,120.24889380530973,110.0,,,905
Jammu,87.45951900698215,88.24,70.59,88.24,2.3549166391109706,0.0,12.536602017067494,1,7.180520504731861,5.0,12.213180741910024,12.9,,,117.44948289578362,118.0,196.22105263157894,200.0,1289
Jamnagar,86.92677832512315,88.24,70.59,94.12,4.997565182819702,26.699507389162562,13.068295566502464,1,11.645623560404738,11.0,24.189733464955577,24.0,31.47252747252747,31.0,104.28512896825397,103.0,146.964,174.0,1015
Jamshedpur,84.70037392622535,82.35,64.71000000000001,94.12,5.225072697415123,7.276402223345125,14.819585649317837,190,38.18428788646731,37.2,49.57810440952864,49.9,,,158.7668136714443,164.0,296.7850622406639,295.0,1979
Jhansi,86.9923403052572,88.24,70.59,94.12,5.197255155255785,27.13397399660825,13.007659694742792,0,8.017451759379682,8.0,23.98667234203178,25.316666665,,,125.9500674763158,119.0,277.86776212840374,261.0,1769
Jharia,84.99051,82.35,52.35,94.12,5.61751303448355,12.1,14.29949,130,20.61667692307692,16.9,45.280521472392635,41.0,,,210.84441396508728,215.5,329.35624595469255,301.0,1000
Jodhpur,85.76999337199668,82.35,58.81999999999999,94.12,4.555027879794322,13.487986743993371,13.985599005799502,295,6.6104807425888605,6.0,22.729866699943464,22.0,,,147.68579516216502,134.0,367.6705976837256,349.0,6035
Kadapa,88.24,88.24,88.24,88.24,0.0,0.0,11.76,0,4.639240506329114,5.0,10.389240506329115,10.0,,,72.92721518987342,73.0,,,316
Kakinada,83.13149305555555,88.24,76.47,88.24,5.843702246963929,0.0,16.868506944444444,0,9.71165644171779,8.0,18.926380368098158,19.0,,,59.71875,59.5,,,288
Kala Amb,87.98801679586562,88.24,70.59,88.24,1.559000892406139,0.0,11.889244186046511,38,2.803715775749674,2.0,15.625863192182411,14.7,,,146.0215228206554,132.0,,,1548
Kalinga Nagar,91.74054474708171,94.12,88.24,94.12,2.8888797505942314,59.53307392996109,8.259455252918288,0,2.0136186770428015,2.0,10.14396887159533,10.0,42.3235294117647,42.0,99.37743190661479,99.0,,,514
Kalyani,88.24,88.24,88.24,88.24,0.0,0.0,11.76,0,2.894230769230769,2.0,36.03846153846154,32.0,,,86.54807692307692,62.0,,,104
Kanpur,84.90740357852883,88.24,46.47,94.12,5.622597859138724,10.550033134526176,14.863968190854871,327,7.749244063509906,7.0,27.74423913043478,26.0,,,194.38791876622386,199.02,412.61010672623485,427.0,7545
Karaikal,88.24,88.24,88.24,88.24,0.0,0.0,11.759999999999998,0,13.88863109048724,13.0,10.20185614849188,10.0,,,35.03712296983759,32.0,,,431
Karimnagar,87.25868263473053,88.24,70.59,88.24,3.5691905448799544,0.0,12.711377245508983,1,6.948717948717949,6.0,13.846153846153847,12.0,,,64.44444444444444,62.0,,,167
Kashipur,76.44542372881355,76.47,70.59,88.24,2.8060326029157334,0.0,23.13084745762712,20,24.916666666666668,25.0,29.25,29.0,,,171.05701754385964,149.0,,,236
Keonjhar,94.12,94.12,94.12,94.12,0.0,100.0,5.88,0,2.0,2.0,13.210526315789474,13.0,44.56578947368421,39.5,82.40789473684211,75.5,,,76
Khadoli,87.76184466019417,88.24,82.35,94.12,3.71901923277002,16.181229773462782,12.238155339805823,0,8.614563106796117,7.5,20.07766990291262,19.3,30.511627906976745,32.0,53.31944444444444,31.0,42.381443298969074,42.0,309
Khajuraho,73.1625,70.59,70.59,76.47,3.0126035251921146,0.0,26.837500000000002,0,,,5.8,5.8,,,62.25,62.5,84.6875,87.5,16
Khammam,88.23156160458453,88.24,82.35,88.24,0.22293978782876486,0.0,11.76843839541547,0,4.441260744985673,5.0,14.0,13.0,,,61.10473457675753,60.0,,,698
Khanna,83.10215925058547,88.24,64.71000000000001,88.24,5.910524271416657,0.0,16.834608899297425,27,10.208474576271186,10.0,30.259585492227977,29.8,,,208.19493908153703,224.0,377.0,377.0,2135
Khliehriat,88.00036199095021,88.24,70.59,88.24,1.8872524172851748,0.0,11.999638009049773,0,2.0,2.0,5.502283105022831,5.0,,,38.115207373271886,39.0,,,221
Khurja,85.25442396313363,88.24,58.81999999999999,94.12,7.317453970072505,8.832565284178187,14.265545314900152,125,29.28537277147488,26.0,26.709201954397397,25.0,,,178.0638730675346,172.0,412.8563474387528,453.0,1302
Kochi,85.53751204736334,88.24,58.81999999999999,94.12,5.794131518891054,10.271237780531461,14.415675340768278,68,4.204803170550112,2.0,10.964712168217167,9.1,,,52.11522747095579,42.0,77.64383980434118,68.0,7263
Kohima,89.01897435897436,88.24,88.24,94.12,1.9948023979945482,13.247863247863249,10.981025641025642,0,2.0,2.0,4.836355650522791,4.5,,,82.25498575498575,82.0,118.35483870967742,99.0,702
Kolar,88.24,88.24,88.24,88.24,0.0,0.0,11.76,0,5.814070351758794,6.0,13.090452261306533,13.0,,,59.482412060301506,53.0,,,199
Kolasib,88.24,88.24,88.24,88.24,0.0,0.0,11.76,0,2.017897271268058,2.0,4.860556447298555,5.0,,,37.64901016592295,41.0,,,623
Kolhapur,83.9574465408805,88.24,58.81999999999999,94.12,7.292340754457172,9.245283018867925,16.039408805031446,2,15.060803059273423,13.0,25.97310569105691,23.0,,,91.94320333207118,86.0,197.2561403508772,176.5,3180
Kolkata,84.80266132160868,83.24,64.71000000000001,94.12,5.462802201541923,12.026380447433079,13.879609465925254,2038,10.305789056304521,6.0,60.29463035019455,54.0,58.2469512195122,44.5,116.81319534289521,86.0,219.55586206892139,177.0,7733
Kollam,89.13783231083845,88.24,88.24,94.12,2.1157037581032565,15.269256987048399,10.862167689161554,0,3.9374233128834355,4.0,14.540013633265168,12.0,,,45.594410361281525,42.0,69.97321428571429,64.0,1467
Konark,93.14,94.12,88.24,94.12,2.205530239276636,83.33333333333334,6.86,0,2.0384615384615383,2.0,13.256410256410257,13.0,30.46153846153846,26.0,87.92307692307692,80.5,,,78
Korba,83.50766636555254,82.35,58.81999999999999,94.12,5.203357425575651,4.817825956037338,16.492333634447455,0,12.815319812792511,13.0,20.09460049937578,20.6,,,97.7939290294998,94.0,202.22159730033746,206.0,3321
Kota,85.51812485051423,82.35,46.47,94.12,5.27581712074874,13.80052618990672,14.200841903850751,187,8.538627020880087,7.0,32.65551300694862,29.4,,,123.34892436329532,114.0,241.23846252733514,228.0,4181
Kothur,88.24,88.24,88.24,88.24,0.0,0.0,11.76,0,8.979166666666666,8.5,17.270833333333332,18.0,,,106.46875,107.0,,,96
Kottayam,85.8741127348643,88.24,47.35,94.12,4.283551499157274,8.01670146137787,14.096659707724426,8,5.458297693922013,5.6,19.2244319131203,19.6,,,52.48298565519521,48.0,55.26421944694023,49.0,2395
Kotttayam,80.30416666666666,82.35,52.35,82.35,3.8591827643157286,0.0,19.487499999999997,0,2.2842857142857143,1.45,18.247142857142858,18.15,,,,,97.40186915887851,72.0,144
Kozhikode,82.37270198170732,88.24,46.47,94.12,7.667261522466178,8.231707317073171,17.604432164634147,0,2.260475651189128,2.0,12.28874916315873,10.2,,,42.10323719035669,37.0,83.67267461690808,77.0,2624
Kundaim,93.86415458937199,94.12,82.35,94.12,1.6709343166471944,97.58454106280193,6.1358454106280185,0,5.4088669950738915,5.0,10.975247524752476,10.0,20.203883495145632,20.0,57.42512077294686,58.0,22.75576923076923,21.5,207
Kurnool,86.04081680280046,88.24,64.71000000000001,88.24,3.0822449088039954,0.0,13.95918319719953,0,4.1633918128654965,4.0,10.650410316529893,9.0,,,78.042203985932,79.0,173.4375,173.0,857
Lakhimpur,88.24,88.24,88.24,88.24,0.0,0.0,11.76,0,6.391451292246521,6.0,14.634592445328032,14.3,,,83.34393638170974,68.0,,,503
Latur,89.058384009009,88.24,82.35,94.12,2.151773963481961,14.63963963963964,10.91909346846847,8,6.5690919345741685,5.0,16.830795262267344,15.0,,,100.8094431905982,94.0,242.3308080814394,229.5,1776
Lote,85.16432601880877,88.24,70.59,94.12,3.793530813880392,1.044932079414838,14.30798328108673,101,21.921593291404612,12.0,17.556432432432434,11.5,,,97.78638743455497,96.0,133.7116704805492,125.0,957
Lucknow,85.61454794962867,88.24,46.47,94.12,5.406964586509162,13.577655795931548,14.319258960284145,52,9.927344897181312,8.0,31.21222741661536,31.0,,,188.65121944078416,186.0,384.9630995434246,396.565,6194
Ludhiana,82.74360161943319,83.24,58.81999999999999,88.24,5.948761415157955,0.0,16.91064939271255,427,12.227077792553192,11.0,33.278995884773664,31.0,,,218.6337128970665,225.0,343.5882352941176,317.5,6175
Lunglei,88.24,88.24,88.24,88.24,0.0,0.0,11.76,0,2.188271186440678,2.0,4.9469491525423726,5.0,,,45.82372881355932,44.0,,,590
MALDAH,88.24,88.24,88.24,88.24,0.0,0.0,11.76,0,2.5096153846153846,2.0,16.346153846153847,16.0,,,81.52884615384616,83.5,,,104
MORBI,94.12,94.12,94.12,94.12,0.0,100.0,5.880000000000001,0,13.717391304347826,14.0,20.652173913043477,21.0,33.45652173913044,33.0,93.15217391304348,94.0,,,46
Madras,78.90778014941301,82.35,52.35,82.35,4.304024575398142,0.0,20.61196371398079,42,14.874325782092772,9.1,15.861720430107527,14.1,,,,,113.32432432432432,109.0,937
Madurai,85.99569124423962,88.24,58.81999999999999,94.12,4.559465590720282,10.204081632653061,13.996079657669519,5,11.164721388895,10.55,24.41687063518457,23.0,31.6,30.6,44.91620144221563,42.66666667,103.6209089012758,94.0,3038
Mahad,87.61651933701657,88.24,58.81999999999999,94.12,6.543795647700872,31.675874769797424,12.033572744014732,38,18.42287334593573,17.0,36.94026465028356,37.0,,,159.30434782608697,133.0,191.752508361204,182.0,543
Malappuram,89.185,88.24,88.24,94.12,2.1611397886969512,16.071428571428573,10.815000000000001,0,2.0,2.0,6.961570188491072,5.0,,,37.115365873035714,33.146366665,43.3849663575,42.8953,672
Manali,86.74543003851092,88.24,70.59,88.24,4.202804261971222,0.0,13.248151476251603,1,2.265217391304348,2.0,10.400580551523948,9.0,,,50.60709592641261,43.0,,,779
Mandya,88.24,88.24,88.24,88.24,0.0,0.0,11.76,0,10.825657894736842,11.0,22.17763157894737,22.0,,,42.546052631578945,40.0,,,304
Mangalore,84.87348785871964,88.24,76.47,88.24,3.980715804806566,0.0,15.126512141280353,0,7.253259668508287,7.0,7.19320987654321,6.7,,,44.96136865342164,37.0,120.82185273159145,98.0,906
Mapusa,92.2598048780488,94.12,82.35,94.12,2.8587353163242484,69.26829268292683,7.715804878048781,1,8.62439024390244,10.0,11.261083743842365,12.0,33.67307692307692,30.0,60.04390243902439,64.0,24.00714285714286,24.06,205
Margao,93.94942028985508,94.12,82.35,94.12,1.4100463574882702,98.55072463768117,6.050579710144928,0,5.122549019607843,5.0,10.318627450980392,10.0,19.398058252427184,19.0,59.67632850241546,57.0,24.02692307692308,22.9,207
Margherita,88.24,88.24,88.24,88.24,0.0,0.0,11.76,0,8.75,8.0,18.37981220657277,16.0,,,70.41549295774648,55.0,,,426
Mathura,86.12743589743589,88.24,76.47,88.24,4.546087638894883,0.0,13.872564102564102,0,21.640625,21.0,26.703125,27.0,,,206.25641025641025,204.5,,,78
Meerut,84.97902046783625,88.24,58.81999999999999,94.12,6.2201609395402535,15.058479532163743,13.887938596491228,155,7.372951183402367,6.6,44.21315854258493,43.7,,,129.00992366412214,122.0,595.1351175985401,567.0,684
Mettur,88.90543209876543,88.24,88.24,94.12,1.8646971281996367,11.316872427983538,11.094567901234567,0,8.39917695473251,8.0,24.03909465020576,23.0,24.509090909090908,22.0,52.03909465020576,48.0,,,486
Moradabad,88.10521966527196,88.24,76.47,88.24,1.1327111773892333,0.0,11.821558577405858,14,15.441640378548897,13.0,25.565720294426917,24.0,,,167.84100418410043,161.0,,,956
Mormugao,75.2403041825095,76.47,58.81999999999999,82.35,4.411983410785158,0.0,24.759695817490496,0,5.677966101694915,4.3,11.77763157894737,10.75,,,47.172413793103445,40.0,104.31297709923665,87.5,263
Mumbai,84.52043884599756,88.24,64.12,94.12,5.097838037135401,3.575782202356766,15.3292157659488,68,6.040514631685166,4.0,29.293274170948155,23.0,,,113.64697674418605,102.0,206.34939965694682,185.65,2461
Mysore,85.4412613981763,82.35,52.35,94.12,4.256658817002226,8.206686930091186,14.47515197568389,14,14.901180502665651,12.2,23.26260969095765,22.0,,,49.84570661896243,48.0,87.60687022900764,85.0,2632
Nagaon,88.24,88.24,88.24,88.24,0.0,0.0,11.76,0,6.7565410199556535,7.0,14.164966740576496,14.0,,,109.71840354767184,101.0,,,451
Nagda,84.19171494404213,82.35,46.47,94.12,7.696329521388131,16.52402896642528,15.627244897959184,86,21.85684362585771,20.3,24.254312522555033,24.0,38.355414012738855,38.0,87.24989987985583,91.0,131.4202975557917,129.0,3038
Nagpur,84.43124664708137,88.24,46.47,94.12,6.249154534871514,9.61808660109848,15.487644654489719,109,9.1804296169568,9.0,28.41435221957506,26.8,,,93.7627015316324,79.0,191.05496394233174,178.0,7829
Nahan,74.18146048109966,76.47,58.81999999999999,82.35,4.24104309485305,0.0,25.474896907216493,80,3.012698412698412,2.8,14.29744718309859,13.8,,,154.22608695652173,127.0,291.75930735930734,242.0,1164
Naharlagun,85.23177777777778,88.24,76.47,88.24,4.959339806176955,0.0,14.768222222222223,0,3.0,2.0,4.7272727272727275,5.0,,,68.08888888888889,63.0,,,45
Nalagarh,84.61298122065728,88.24,40.59,88.24,6.056989672010196,0.0,15.310727699530517,1,2.152063492063492,2.0,21.440940525587827,20.0,,,93.94552529182879,90.0,175.94871794871796,163.5,852
Nalbari,88.24,88.24,88.24,88.24,0.0,0.0,11.76,0,6.597341513292434,6.5,15.675460122699388,15.5,,,98.2760736196319,95.0,,,489
Nalco,72.05944444444445,76.47,58.81999999999999,76.47,5.969874344445914,0.0,27.940555555555555,0,9.42,6.949999999999999,14.050666666666666,11.9,,,,,131.6530612244898,128.5,108
Nalgonda,85.47670563230606,88.24,58.24,88.24,8.37894064722017,0.0,11.972816153028694,0,4.894686503719447,4.0,19.32295430393199,18.0,,,79.85122210414453,81.0,214.64705882352942,220.0,941
Nanded,86.18979748603351,88.24,78.24,88.24,3.5530838212741167,0.0,11.76411312849162,586,38.09783368273934,31.0,37.185754189944134,29.0,,,89.24441340782123,71.5,,,1432
Nashik,86.65457531584062,88.24,46.47,94.12,4.301451125380036,11.564625850340136,13.081090379008744,254,27.07061224489796,26.0,27.20505344995141,27.0,,,81.17864434463046,76.0,146.48865096359742,133.0,5145
Navi Mumbai,85.82198881068399,88.24,58.81999999999999,94.12,5.267965367436534,10.160620826565602,13.798115863562534,421,17.268818287253985,16.0,39.87129393165815,40.0,,,121.46780721114975,109.0,264.63811027749705,221.0,5541
Naya Nangal,81.52887051230334,82.35,58.81999999999999,94.12,6.588700658476012,0.04033884630899556,18.4691125453812,1,7.418212077983832,7.0,19.29135101010101,18.0,,,88.72429361179361,87.0,207.8727034120735,205.0,2479
Nellore,88.05252450980392,88.24,70.59,88.24,1.7639873442712537,0.0,11.947475490196078,0,4.277475247524753,5.0,16.942574257425743,15.0,,,63.84405940594059,64.0,193.0,193.0,408
Nizamabad,88.24,88.24,88.24,88.24,0.0,0.0,11.76,0,4.814814814814815,5.0,12.407407407407407,12.0,,,55.51851851851852,56.0,,,27
Noida,86.49136786188579,88.24,58.81999999999999,94.12,6.266056434791304,26.89243027888446,13.435590969455511,22,13.420432309468941,11.2,44.293637809563734,44.7,,,144.38808837680835,141.0,398.83213859023294,426.16666665,1506
"Noida, Ghaziabad",63.03074074074075,64.71000000000001,58.81999999999999,64.71000000000001,2.6458602293538442,0.0,36.59888888888889,2,,,,,,,,,502.0952380952381,530.0,27
Nongstoin,88.24,88.24,88.24,88.24,0.0,0.0,11.76,0,2.0,2.0,8.809322033898304,10.0,,,26.36864406779661,26.0,,,236
Ongole,88.01728706624606,88.24,70.59,88.24,1.973211790102118,0.0,11.982712933753943,0,4.706070287539936,5.0,22.39297124600639,22.0,,,64.56869009584665,65.0,,,317
Palakkad,81.69614125753661,88.24,58.81999999999999,94.12,8.627140769449094,10.422049956933678,18.27801894918174,6,3.77349593495935,2.0,8.211090425531914,6.3,,,58.81022461814914,39.0,134.53529581529583,145.0,1161
Panaji,82.21648445873525,88.24,64.71000000000001,94.12,7.214786130944024,0.4287245444801715,17.783515541264737,0,5.2363977485928705,3.0,13.744642857142857,12.0,,,61.90231362467866,55.0,113.69670329670329,103.0,933
Panjim,76.23713375796179,76.47,52.35,82.35,6.016842179159869,0.0,22.106815286624204,46,27.05796178343949,20.0,15.370512820512822,18.700000000000003,,,0.0,0.0,67.28,0.0,157
Paonta Sahib,82.30106634353227,88.24,58.24,88.24,6.831095125976805,0.0,17.59139048773099,35,2.4123123123123125,2.0,13.782013932868903,14.0,,,128.3049900199601,119.0,247.23272297696397,223.0,3301
Paradeep,92.64311688311687,94.12,84.12,94.12,2.5743184068293172,75.06493506493507,7.330909090909091,2,10.945454545454545,10.0,12.225974025974025,12.0,35.43103448275862,29.0,94.88571428571429,82.0,,,385
Parwanoo,83.62347147317627,88.24,58.81999999999999,88.24,6.653799951059724,0.0,16.359497587283567,12,2.62927525883613,2.0,11.63430754030009,11.0,,,75.95011154857194,69.0,172.13627992633516,154.0,3523
Patancheru,86.396286966046,88.24,77.35,88.24,2.818865664140854,0.0,13.559901423877326,8,8.83658269441402,6.0,23.31993428258488,23.0,,,87.28148959474261,87.0,216.48745519713262,170.0,913
Pathanamthitta,88.24,88.24,88.24,88.24,0.0,0.0,11.76,0,2.0,2.0,13.630485762144053,13.0,,,23.132328308207704,23.0,,,597
Patiala,87.94942857142857,88.24,58.81999999999999,88.24,2.472700054368963,0.0,12.047087108013937,1,6.37578125,6.0,17.656509500351866,16.7,,,108.12054462934945,103.0,198.0,193.0,1435
Patna,83.75786308381318,82.35,46.47,94.12,5.906410581362729,12.539987204094691,15.851861804222649,104,9.735405027932961,9.0,32.79193548387097,27.0,,,123.70517629407352,107.0,271.65335753176043,253.0,1563
Pithampur,88.07064748201438,88.24,76.47,88.24,1.406710732515927,0.0,11.929352517985611,0,8.153284671532846,8.0,17.766423357664234,18.0,,,119.18705035971223,124.0,,,139
Ponda,90.38726027397261,94.12,70.59,94.12,4.826813656455844,50.68493150684932,9.612739726027398,0,4.919534883720931,5.0,10.002777777777778,9.2,17.135922330097088,16.0,50.33816425120773,49.0,47.43,41.5,219
Pondicherry,85.52142464812908,88.24,58.81999999999999,94.12,6.676383468488564,18.125643666323377,14.475142464812906,2,8.882249267938507,6.2,13.069797288944917,13.0,,,44.807010124340636,42.33333333,79.43871951218293,71.5,2913
Pondichery,79.78863945578232,82.35,42.35,82.35,4.8742456720999545,0.0,18.476666666666663,117,29.670232558139535,18.3,34.313752913752914,25.1,,,,,161.52238805970148,125.0,441
Pune,85.8694516315891,88.24,52.35,94.12,4.638832027639657,9.113728519019116,13.400677737014869,744,24.676891813431393,22.0,45.356015473887815,42.0,,,107.54748021657643,94.0,212.7364406779661,210.0,5179
Puri,91.70206896551724,94.12,88.24,94.12,2.9052902494857173,58.620689655172406,8.211724137931034,1,2.293103448275862,2.0,17.137931034482758,16.5,30.228571428571428,18.0,93.67241379310344,81.0,,,58
Rai Bareilly,87.94494845360823,88.24,58.24,88.24,2.79887325247292,0.0,11.802474226804124,1,10.727743271221533,10.0,15.543846949327818,16.0,,,158.32123711340208,163.0,,,970
Raichur,88.24,88.24,88.24,88.24,0.0,0.0,11.76,0,7.484848484848484,7.0,11.537878787878787,11.0,,,85.06818181818181,87.0,,,132
Raipur,80.98509367681497,82.35,58.81999999999999,88.24,5.617806638403106,0.0,18.605070257611242,140,14.293892137745289,13.7,37.66523716699155,37.0,,,210.2026335040234,196.0,294.928632115548,277.0,1708
Rajahmundry,86.63157556270096,88.24,70.59,88.24,4.090431528609148,0.0,13.368424437299035,0,9.58736059479554,8.0,17.63197026022305,18.0,,,64.51935483870967,62.0,,,311
Rajkot,86.34222820236813,82.35,52.35,94.12,5.094537741100705,22.766415500538212,13.550129171151776,28,12.32667025862069,12.0,17.556142241379312,17.0,30.181818181818183,30.0,112.17200789622109,99.0,217.02943581357317,191.0,1858
Ramagundam,86.2713812154696,88.24,58.81999999999999,94.12,3.5983413304283447,4.41988950276243,13.680276243093923,7,6.479554937413074,4.0,14.220083682008367,11.0,,,75.63201109570042,67.0,240.2560553633218,225.0,724
Ranchi,85.66561589403973,88.24,58.81999999999999,88.24,3.7781041988910427,0.0,14.248291390728475,13,18.889171122994654,18.15,35.43738062755798,35.0,,,175.36107382550335,167.0,341.612582781457,339.0,755
Ranebennur,88.24,88.24,88.24,88.24,0.0,0.0,11.76,0,3.986754966887417,4.0,6.9072847682119205,7.0,,,58.69867549668874,54.0,,,302
Raniganj,88.92465458663646,88.24,76.47,94.12,4.207566148114436,32.955832389580976,9.682366930917327,246,34.635714285714286,8.3,58.8562358276644,55.0,,,120.06209890551528,91.0,335.12420382165607,297.0,883
Rayagada,86.34239461883408,88.24,70.59,94.12,6.076146767412459,26.367713004484305,13.657605381165919,0,3.238558187438208,3.0,17.49044251824361,19.8,28.379310344827587,29.0,58.28013303436323,59.0,110.69480925135909,109.0,2230
Renusagar,89.72566066066067,88.24,76.47,94.12,3.084560084721091,28.678678678678676,10.259324324324325,2,17.435950332780337,18.0,28.44805555560676,27.52666667,,,138.5655655664114,136.0,255.0608333335,250.0,666
Rishikesh,86.57027906976745,88.24,76.47,88.24,4.0965371649950875,0.0,13.429720930232557,0,23.18918918918919,24.0,25.902173913043477,26.0,,,110.18604651162791,109.0,,,215
Roha,90.89055118110237,88.24,83.24,94.12,3.24213497878948,48.031496062992126,8.912598425196851,10,18.75984251968504,18.0,34.29133858267716,34.0,,,113.80708661417323,93.0,155.8048780487805,155.0,254
Rourkela,85.31935560053981,82.35,46.47,94.12,6.742689937258616,24.021592442645073,14.586177462887989,32,7.6321673478627385,5.208333333500001,12.695024401299627,10.55,49.8445945945946,45.5,98.14630937876574,97.0,185.89538314153606,191.0,2964
Rudrapur,77.79079812206572,76.47,46.47,88.24,5.068341418783368,0.0,21.927511737089205,0,4.241379310344827,2.0,7.275862068965517,4.5,,,139.88732394366198,135.0,,,213
SANAND,94.12,94.12,94.12,94.12,0.0,100.0,5.880000000000001,0,14.043478260869565,14.0,21.304347826086957,21.0,32.0,32.0,93.04347826086956,95.0,,,23
SILIGURI,88.24,88.24,88.24,88.24,0.0,0.0,11.76,0,3.2884615384615383,3.0,17.932692307692307,17.0,,,89.01923076923077,88.5,,,104
Sagar,83.06275956284152,82.79499999999999,58.81999999999999,94.12,8.398380195729121,17.076502732240435,16.93040983606557,1,3.5998439937597504,3.4,14.936969696969696,15.0,40.46064705882353,40.585,109.73195876288659,104.0,239.48451327433628,223.0,732
Saharanpur,81.71826086956521,88.24,58.24,88.24,12.510864843424482,0.0,11.760000000000002,0,28.369565217391305,28.0,20.282608695652176,20.0,,,43.47826086956522,44.0,,,46
Salem,85.79521044992742,88.24,58.81999999999999,94.12,4.328552599049336,8.853410740203193,14.201161103047896,1,8.155570175439099,8.0,25.783829335329838,24.2,16.48148148148148,15.0,63.19416415664157,57.0,100.35264993027894,89.0,1378
Sambalpur,84.76676939426142,82.35,70.59,94.12,5.711766241245929,12.964930924548353,15.233230605738575,0,3.6436293436293434,3.8,13.891360174102285,14.0,49.78947368421053,50.0,51.87654622741764,52.0,126.58991304347826,129.0,941
Sangareddy,91.13047765793529,94.12,70.59,94.12,3.321860522842469,50.38520801232666,8.66151001540832,27,6.941472868217054,5.0,38.18062015503876,31.5,43.96892655367232,40.0,88.92248062015504,75.0,,,649
Sangli,88.51582162492363,88.24,83.24,94.12,1.6157837425340213,6.353084911423336,11.386438607208307,32,10.976786805131338,10.0,39.231521075137444,35.0,,,80.9902260232132,74.0,108.0673076923077,101.0,1637
Sangrur,83.49147286821704,82.35,82.35,88.24,2.3372336415004002,0.0,16.508527131782945,0,4.76,5.0,13.217054263565892,13.0,,,100.33333333333333,93.0,,,129
Sanguem,93.94696078431373,94.12,82.35,94.12,1.294372654950312,98.0392156862745,6.053039215686274,0,5.467661691542289,5.0,10.368159203980099,10.0,15.805825242718447,14.0,46.44607843137255,47.0,23.01,21.9,204
Sankrail,90.72581366459627,89.12,78.24,94.12,2.958762681768638,41.86335403726708,8.721391304347826,89,9.472173913043479,8.4,57.430310559006216,53.3,,,105.85196687298136,82.0,198.4178685913221,166.5,805
Saraikela Kharsawan,88.19726495726496,88.24,83.24,88.24,0.4622501635210276,0.0,11.76,1,35.29059829059829,35.0,45.41880341880342,45.0,,,162.86324786324786,157.0,,,117
Sarigam,94.12,94.12,94.12,94.12,0.0,100.0,5.88,0,14.0,14.0,21.041666666666668,21.0,31.375,31.0,87.79166666666667,87.0,,,24
Satna,82.40438472418671,82.35,46.47,94.12,6.9581427661057935,13.154172560113153,17.41881188118812,44,4.839405204460967,3.4,7.710432569974555,7.0,,,166.6728971962617,139.0,254.15849056603773,211.5,1414
Shillong,83.55352878464818,88.24,58.81999999999999,94.12,7.950967902151145,8.528784648187633,16.446471215351814,0,2.6414292671073776,2.0,11.35157049249778,10.0,,,66.75876486412544,63.0,78.00244498777506,68.5,1876
Shimla,83.14070541931578,88.24,52.35,88.24,6.594068858569863,0.0,16.836587950348168,3,3.511887631976622,3.0,12.096523110009674,11.0,,,52.988436285928515,49.0,102.2772808586762,87.0,3303
Shimoga,88.24,88.24,88.24,88.24,0.0,0.0,11.76,0,4.339805825242719,4.0,7.449838187702265,7.0,,,42.92556634304207,38.0,,,309
Sibsagar,82.1295,82.35,76.47,82.35,1.1194378819515254,0.0,17.8705,0,4.951063829787234,4.5,11.711016949152544,11.55,,,82.67083333333333,74.5,129.8,120.0,240
Silchar,82.35,82.35,82.35,82.35,0.0,0.0,17.65,0,5.574666666666666,5.3,14.458666666666668,14.5,,,57.013333333333335,53.0,97.93333333333334,86.0,75
Silcher,88.1416998827667,88.24,76.47,88.24,0.974692701765832,0.0,11.8289917936694,5,6.389976415094339,6.0,14.879893867924528,14.8,,,91.71101992966003,80.0,,,853
Silvassa,82.35,82.35,82.35,82.35,0.0,0.0,17.65,0,9.60204081632653,9.5,17.413605442176873,17.3,,,87.90816326530613,82.0,220.68367346938774,205.0,294
Sindri,84.1975108695652,82.35,52.35,94.12,4.8587076067768855,3.5869565217391304,15.460097826086956,51,19.694683257918552,16.6,42.241185101580136,40.0,,,137.96866485013624,134.0,211.58780036968577,209.0,920
Singrauli,76.88724061810154,70.59,58.81999999999999,94.12,9.975027585604336,20.750551876379692,23.112759381898453,0,17.864779874213838,17.0,24.09496855345912,22.3,42.92040816326531,42.41,69.74829931972789,66.0,307.7595907928389,308.0,453
Sivasagar,88.22827667057445,88.24,83.24,88.24,0.24196662630656077,0.0,11.760000000000002,2,6.537749120750293,6.0,13.739624853458382,13.0,,,95.72801875732708,86.0,,,853
Solapur,86.48577245053272,88.24,70.59,94.12,4.311149907584551,15.981735159817351,13.514227549467275,0,16.611024761904762,17.0,36.340693333333334,35.8,,,89.26109991941982,81.5,289.506747022119,294.0,2628
South Suburban,89.30038461538462,88.24,83.24,94.12,3.116455108124666,24.807692307692307,10.007307692307693,144,11.98898076923077,5.7,46.14782692307692,41.7,,,93.5320737175,64.0,179.82795699090323,125.83333335,1040
Srikakulam,88.056,88.24,70.59,88.24,1.5366608683127914,0.0,11.928126984126985,1,11.469453376205788,11.0,20.128617363344052,21.0,,,72.85031847133757,68.0,,,315
Sunder Nagar,87.74920179372198,88.24,70.59,88.24,2.634027230698524,0.0,12.250798206278027,0,2.1078555967847867,2.0,9.619888475836431,8.0,,,76.54918032786885,72.0,,,1115
Surat,86.16367044463819,82.35,47.35,94.12,5.722051707127094,24.324324324324326,13.496312118570183,132,20.225922696890436,18.0,26.26988372093023,25.1,30.77536231884058,31.0,98.60606020942409,96.0,174.68649107901444,173.0,3441
Talcher,85.83405405405405,82.35,40.59,94.12,5.529399627440035,18.76593574706782,14.092004079551248,11,9.619700404132313,9.0,20.68092018653643,20.9,82.39423076923077,81.0,102.32622073565776,100.83333335,197.2650997148951,193.0,1961
Tarapur,77.43155405405405,82.35,58.81999999999999,82.35,8.920652758345383,0.0,22.230608108108108,40,22.83207547169811,19.8,33.44801670146138,31.3,,,81.09014675052411,72.0,123.13924050632912,111.0,592
Tezpur,85.77448152562573,88.24,70.59,88.24,3.3637869593941807,0.0,14.195721096543503,5,5.842368742368742,6.0,12.62484993997599,13.0,,,79.3647199046484,62.0,141.8847352024922,107.0,839
Thane,83.30011602209944,88.24,58.81999999999999,94.12,7.270141758678939,7.07182320441989,16.692977900552485,5,14.668058755760368,13.2,23.578159261396422,15.0,,,75.049610205528,57.0,87.39565580618212,83.0,3620
Thiruvananthapuram,89.2288138256088,88.24,83.24,94.12,2.204483644886238,16.849960722702278,10.769222309505105,1,9.47365671641791,7.0,23.208271798900235,23.455,,,54.495856245090344,53.0,64.3781078090909,60.66666667,2546
Thissur,88.24,88.24,88.24,88.24,0.0,0.0,11.76,0,2.0,2.0,11.06529284164859,10.0,,,45.68329718004338,44.0,,,461
Thoothukudi,85.71426157237326,88.24,58.81999999999999,94.12,4.762019951556489,8.302718589272594,14.067149155033064,119,17.400635841772743,15.0,16.89598564293633,15.0,60.8235294117647,58.0,98.7263672358352,80.0,153.14431818169697,119.0,2722
Tilamol,91.2086274509804,94.12,76.47,94.12,3.5747397960260114,54.41176470588235,8.791372549019608,0,5.625,5.0,10.51,10.0,17.9126213592233,17.0,53.59803921568628,51.0,18.325,17.8,204
Tinsukia,88.24,88.24,88.24,88.24,0.0,0.0,11.76,0,6.300119047619048,6.0,13.43654761904762,13.0,,,78.81428571428572,67.0,,,840
Tirupati,85.92782961460446,88.24,58.81999999999999,94.12,3.8124720194197073,4.9695740365111565,14.072170385395538,0,4.181873727087576,4.0,10.930142566191446,9.0,,,45.53483606557377,38.0,102.82570806100217,101.0,986
Trichy,88.02679628064243,88.24,70.59,94.12,1.7719241975932862,0.6762468300929839,11.968977176669483,1,13.763793103448275,13.0,18.199137931034482,18.0,23.299999999999997,22.0,84.89983022071307,96.0,,,1183
Trivandrum,82.31702325581395,82.35,58.81999999999999,82.35,0.715990160551789,0.0,17.68039276485788,1,9.402586652871186,6.8,24.59286083807553,24.8,,,70.29037267080746,65.0,79.7531055900621,74.0,1935
Trivendrum,74.71490566037735,76.47,46.47,76.47,3.6070556666200084,0.0,25.013867924528306,5,14.654481132075471,11.9,22.968396226415095,22.5,,,,,121.51419558359622,129.0,424
Tumkur,88.24,88.24,88.24,88.24,0.0,0.0,11.76,0,7.554455445544554,7.0,19.445544554455445,17.0,,,121.9009900990099,116.0,,,202
Tura,88.24,88.24,88.24,88.24,0.0,0.0,11.76,0,2.0,2.0,5.840162037020833,5.0,,,45.15956790125,46.0,,,432
Turicorin,81.61829268292682,82.35,52.35,82.35,4.68521285665818,0.0,17.65,0,13.470731707317071,14.9,10.904878048780489,10.0,,,,,45.8780487804878,44.0,41
Tuticorin,76.39372469635627,76.47,46.47,82.35,3.7680236637266256,0.0,23.36336032388664,0,9.445374449339207,8.8,15.194166666666666,14.1,,,,,52.22672064777328,40.0,247
ULUBERIA,88.24,88.24,88.24,88.24,0.0,0.0,11.76,0,14.615384615384615,14.0,43.31730769230769,43.0,,,124.82692307692308,131.0,,,104
Udaipur,85.64782411120022,88.24,58.81999999999999,94.12,5.053958555669448,11.547714514835604,14.060809943865276,218,6.99630998167555,6.0,35.511270359058855,35.0,,,116.39135274310755,98.0,276.0439835916135,252.0,3741
Ujjain,85.29370115929584,88.24,58.81999999999999,94.12,7.152901482034231,16.78832116788321,14.706298840704166,0,12.597383177570094,12.8,13.443244506778868,13.2,,,90.9927927927928,84.0,192.22397003745317,178.0,2329
Ulhasnagar,87.53983157894737,88.24,78.24,94.12,3.894219754368466,12.421052631578949,10.565431578947369,360,31.270526315789475,27.5,59.783157894736846,56.0,,,102.74105263157895,96.0,133.94300518134716,134.0,950
Umsning,88.24,88.24,88.24,88.24,0.0,0.0,11.76,0,2.0,2.0,13.470588235294118,13.5,,,83.83823529411765,81.5,,,68
Una,82.08324956672443,76.47,46.47,88.24,6.210457503759754,0.0,17.838760831889083,0,2.277852906286477,2.0,6.4379432624113475,5.0,,,76.61975524475524,78.0,,,1154
Unnao,87.86317010309277,88.24,70.59,88.24,2.4136976687452902,0.0,12.123943298969072,1,10.899736147757256,9.0,29.87335092348285,29.0,,,106.7565445026178,100.0,,,388
Usgao,93.69754098360656,94.12,82.35,94.12,1.8029860609498,93.77049180327869,6.072950819672132,14,8.376666666666667,6.0,11.83,11.0,17.61764705882353,16.0,76.60983606557377,60.0,38.15837438423645,33.33,305
VAPI,94.12,94.12,94.12,94.12,0.0,100.0,5.88,0,12.583333333333334,13.0,19.708333333333332,20.0,29.25,29.0,83.16666666666667,83.5,,,24
Vadodara,86.8007345013477,82.35,70.59,94.12,5.106589654867239,26.954177897574123,13.187473045822102,7,15.540609137055837,14.6,26.37460263780859,23.0,32.38325991189427,32.0,95.79192970598176,91.0,194.4388370817334,183.0,2968
Vapi,86.34162286768095,83.24,46.47,94.12,5.911536398136085,26.69432918395574,13.510843706777315,52,19.63521256931608,17.4,27.487435304990758,25.3,30.92090395480226,31.0,95.58416176470588,90.0,148.08882907133244,156.0,2169
Varanasi,84.74956976029502,82.35,46.47,94.12,5.937539791998866,8.113091579594345,15.216625691456667,5,17.131846841097637,17.0,21.871526483726868,19.674,,,123.25465172349963,124.0,343.6625957972806,353.0,1627
Vasco,85.23634601579325,88.24,52.35,94.12,6.762992609653857,17.30078966259871,14.7313496051687,3,5.715526046986721,5.0,14.320429252782192,12.95,,,61.05083459787557,54.5,131.71350482315114,119.0,1393
Vijayawada,85.58129479216436,88.24,58.24,88.24,3.757873518370878,0.0,14.289703774486382,0,5.513891577928364,5.0,25.06640963855422,24.0,,,95.97930702598653,97.0,208.22155688622755,202.0,2093
Visakhapatnam,86.36153348339897,88.24,58.81999999999999,94.12,3.6021882817529534,7.034327518289252,13.573750703432752,92,10.803859154929576,9.0,23.68085915492958,24.0,,,77.04209488948332,76.0,183.61633428300095,175.0,7108
Vishakhapatnam,75.86892255892256,76.47,61.47,76.47,2.2089275672509117,0.0,23.60919191919192,31,19.544406779661017,15.6,33.0671186440678,24.3,,,,,155.6127946127946,136.0,297
Vizianagaram,86.96716312056736,88.24,70.59,88.24,4.120532102294214,0.0,13.032836879432624,0,11.918287937743191,11.0,21.53307392996109,22.0,,,69.44280442804428,65.0,,,282
Warangal,88.23961904761904,88.24,70.59,94.12,1.990745483781046,4.603174603174604,11.760380952380952,0,5.484,5.0,11.70542264752791,10.0,,,53.34076433121019,52.0,131.06,130.5,630
Wayanad,88.24,88.24,88.24,88.24,0.0,0.0,11.76,0,2.0064453125,2.0,6.012109375,5.0,,,36.984375,36.0,,,512
West Singhbhum,87.27973509933774,88.24,83.24,88.24,1.9761268336554616,0.0,11.76,29,20.94701986754967,20.0,30.71523178807947,30.0,,,246.41721854304635,180.0,,,151
Yamuna Nagar,86.70714285714286,88.24,46.47,94.12,6.730842985811776,29.78723404255319,12.943313069908816,17,20.51888544891641,19.0,20.160061919504642,22.0,,,146.85436893203882,126.0,243.87958115183247,225.0,329
Yamunanagar,79.62836363636363,82.35,58.81999999999999,82.35,6.008438742541409,0.0,19.735272727272726,28,14.88030303030303,15.3,29.95757575757576,30.7,,,177.57971014492753,146.0,246.44221105527637,223.0,220
