state,city,year,month,so2,no2,rspm,spm,pm2_5,missing_values_percentage,outlier_count,invalid_count,quality_score,confidence_level,score_bin
Delhi,Delhi,2015,2,5.110454575127317,18.280765586561603,142.89575899561663,160.71192001297396,,35.42438600110108,0,0,81.48894441298336,High,80-90
Tamil Nadu,Chennai,1994,8,5.796058684359169,15.21360727009556,172.19200961143088,329.9633634107846,,13.98972075309907,1,0,82.36854408598298,High,80-90
Uttar Pradesh,Agra,1996,7,12.353536504579305,26.197665669696075,182.63637820431023,335.3974795122006,,8.65467114006761,1,0,86.9988722541889,High,80-90
Rajasthan,Jaipur,1995,3,33.72746183302866,65.96183564586197,67.18288147624273,241.37453776524416,,0.5598769427988989,1,0,95.90869961008819,High,90-100
Uttar Pradesh,Lucknow,1993,5,14.45117132666131,41.03264869073715,127.41030642865084,239.22405860397276,,26.734576716945014,0,0,88.52708575358702,High,80-90
West Bengal,Kolkata,1999,1,21.293435693814722,50.079386557990304,143.62234480187968,345.5903320417576,,13.360473720671878,3,0,78.03513918623655,Medium,70-80
Karnataka,Bangalore,2014,6,1.8906175682881319,51.31442551106839,190.99265417670642,235.28506082954277,,17.440569985882732,0,0,89.77628846354726,High,80-90
Uttar Pradesh,Agra,2011,10,14.667893453850779,30.735556706714327,88.5914690523723,351.58271354776775,,11.213401744996714,1,0,93.17985017505735,High,90-100
Gujarat,Ahmedabad,2001,9,28.627823352082125,36.37525977170326,191.12315065097584,236.65535336094482,,4.699244092979037,0,0,99.56082325153771,High,90-100
West Bengal,Kolkata,1993,7,40.201124850689894,38.44670290768985,200.36550415797365,286.7302749457678,,16.70840632086015,0,0,90.16065320990221,High,90-100
Rajasthan,Jodhpur,2014,2,28.325259430539425,18.19304111086568,86.8735475466928,275.9622030157173,,18.80678758279894,0,0,94.98386331782184,High,90-100
Andhra Pradesh,Hyderabad,2002,8,7.300021094906452,13.620881905521152,38.81544332198514,199.66381756082035,,10.326177105630608,1,0,85.29660309118104,High,80-90
Karnataka,Mysore,2004,3,29.545530187793254,47.65269514147414,75.37514035759227,132.98316864370804,,12.179461684503213,0,0,94.17995077546209,High,90-100
Madhya Pradesh,Bhopal,2003,11,20.606021305974423,23.543466388627976,187.57013454836306,227.10445103340146,,28.190443375704323,1,0,82.36923708919818,High,80-90
Tamil Nadu,Chennai,2001,4,14.015161425389064,41.43653200798756,58.34047814132068,326.91188724570634,,3.810893191434355,0,0,100.0,High,90-100
Gujarat,Ahmedabad,2014,1,30.602998877195844,10.604985102350394,143.88173483533262,252.52050340804144,,0.3224940413720521,0,0,100.0,High,90-100
Tamil Nadu,Chennai,2006,6,14.588480954982149,2.33174893092896,146.71377030524573,81.42648008032796,,9.65503114983797,2,1,65.67458247391053,Medium,60-70
West Bengal,Howrah,1990,1,27.67995571668424,28.804143056610286,109.5612353234326,184.00535947385515,,17.49859727457678,0,0,90.03993341788129,High,90-100
Maharashtra,Pune,1990,9,19.584478711691688,35.04276088749139,127.65715308576841,102.25915044815318,,11.19493076309952,0,0,88.97627079804943,High,80-90
Gujarat,Surat,2008,10,11.72439480662198,20.172810377736845,113.55954200414922,279.78522467232466,,14.675611833048553,0,0,93.86967163526019,High,90-100
Uttar Pradesh,Agra,2002,2,0.42659362927123823,43.178812398440556,115.85435196494576,223.48080682357914,,17.533222811520165,0,0,94.78180419144276,High,90-100
Maharashtra,Pune,2002,8,22.494924997114282,6.427591229842598,118.50383298634233,252.9445341619222,,42.82622792526402,0,0,82.87202352337519,High,80-90
Rajasthan,Jaipur,2003,10,22.792627338280568,31.53908973566555,195.32195213965943,159.49376334740268,,29.07470421006589,0,0,82.65104102637763,High,80-90
Maharashtra,Mumbai,2009,1,16.89944264210394,26.46704668966362,101.96260891150106,222.90215348144076,,15.436519126398348,0,0,92.18414293345624,High,90-100
Uttar Pradesh,Kanpur,2014,12,6.794537242205433,29.80558673566642,109.16464735102491,286.95275545716663,,11.507674563017982,1,0,92.01019583345933,High,90-100
Maharashtra,Nagpur,1987,6,31.19042433361259,69.6855238137496,168.10749804784996,211.74339124929503,,0.9232188886249737,0,0,100.0,High,90-100
Karnataka,Bangalore,2004,2,12.745769768471995,0.035038806679800416,104.51648149349427,192.0691320695979,,14.762301015325868,1,0,83.49661817417729,High,80-90
Rajasthan,Jodhpur,1995,6,21.09727440991166,21.677291556349836,128.52929827577785,384.3957756050767,,17.115904669994006,0,0,94.76037949541522,High,90-100
Uttar Pradesh,Lucknow,2003,8,22.94033430736243,21.15619532327637,95.13213646860954,287.6052112185989,,0.5990162913009092,0,0,98.07217059976254,High,90-100
Maharashtra,Pune,1988,8,18.148333879647197,20.33709214953599,18.485803732063005,405.8818966487883,,6.078195118136496,0,0,98.21833643092363,High,90-100
Karnataka,Bangalore,1998,1,17.150525187053866,36.78727833392945,86.83865217164123,157.32177201110582,,48.830562378321204,1,0,72.21199637767766,Medium,70-80
Andhra Pradesh,Hyderabad,1998,10,23.847290911425382,27.002541657868694,124.84879107645682,338.0340728183678,,14.993395511950938,0,0,92.02907021236913,High,90-100
West Bengal,Howrah,2011,11,18.070381400778057,22.516086746126298,104.44840712632067,408.2504824214175,,9.820174501763452,0,0,98.1710425826194,High,90-100
Gujarat,Surat,2007,1,14.666038248886517,19.34974450348711,164.76961795936626,355.9717455485023,,22.062579476139362,0,0,84.01468030320211,High,80-90
Maharashtra,Nagpur,2002,10,19.86238710778044,0.5117014091974355,15.462055976614508,236.74675882230838,,40.409341037009746,1,0,79.72316508747127,Medium,70-80
Gujarat,Ahmedabad,1992,10,13.780026232665792,23.473588583917213,52.59242741677278,224.23106163091578,,14.935426135852866,0,0,92.4163494195439,High,90-100
Delhi,New Delhi,1987,10,19.229052942626232,41.461335848260006,193.95905612646402,360.5077841147722,,31.942042073983224,0,1,64.28959091071214,Medium,60-70
Karnataka,Bangalore,1992,9,18.958729068605287,35.56863313772411,79.7737993382975,206.25535640732954,,21.145702199886443,1,0,86.10573514326202,High,80-90
Uttar Pradesh,Lucknow,2004,5,21.359501370394547,19.010311630910998,139.4190396978471,189.61501908875755,,18.30783372572035,1,0,86.29308934856593,High,80-90
Andhra Pradesh,Visakhapatnam,2009,6,38.57385191974707,43.68423472594055,107.88683926008686,71.82400788932952,,8.356968875960904,1,0,86.2716480503326,High,80-90
Delhi,New Delhi,1998,5,4.02576657059786,32.140182891406084,171.34755213550233,309.94757725124407,,18.844065315681807,0,0,89.81900288437485,High,80-90
Uttar Pradesh,Kanpur,1987,6,12.131736964597085,21.6265840598288,22.702520737437567,18.394189375763176,,11.040886150006795,0,0,99.01186340356118,High,90-100
Delhi,Delhi,2014,2,31.097088243633404,21.73960997249548,51.591099731632795,345.987527989911,86.08483510623687,16.913658801279276,0,0,89.72437390925086,High,80-90
Andhra Pradesh,Hyderabad,1996,12,4.58499356309548,36.092290689816636,152.98500571336996,255.88543784988963,,10.785191168836796,1,0,87.62355775065747,High,80-90
Delhi,Delhi,2009,10,26.3067987753495,12.69667752796732,190.04697483702,232.7416933168201,,12.948212427058134,1,0,91.74129733455364,High,90-100
Tamil Nadu,Chennai,2009,10,13.723507061243073,3.765153837821231,244.90567113409566,405.44580814171746,,9.830502337997446,1,0,88.57586508677777,High,80-90
Delhi,New Delhi,2010,5,19.650874592171405,28.195039308374497,169.26302401217015,344.1585033343652,,21.70909446851995,0,1,65.30201868238535,Medium,60-70
Karnataka,Bangalore,1992,4,6.027679391249121,58.874336926541005,186.52350608352236,227.5151977488775,,37.625141176117005,0,0,74.11285454531699,Medium,70-80
West Bengal,Durgapur,2006,7,16.875691795653214,9.559773671158748,103.40284053908874,204.29330623861512,,16.50642114326629,0,0,95.0844466249898,High,90-100
Gujarat,Ahmedabad,2015,3,27.01875624933232,13.703218514271313,75.10108095866914,292.69104584844786,,15.013456736027885,1,0,89.66538377980777,High,80-90
Andhra Pradesh,Hyderabad,2000,8,9.628609621399496,66.85175658036184,167.5287616356011,433.3395578907333,,9.742285985264628,0,0,97.06809236464447,High,90-100
Gujarat,Ahmedabad,2002,1,10.2170730870255,53.47566321821091,71.95782994985433,185.93243946913267,,13.817809778670059,0,0,94.6606454089172,High,90-100
Uttar Pradesh,Kanpur,2015,10,0.17251216083067433,29.03451525746029,180.14033542332112,232.47560184157194,,10.660018919656862,0,1,66.66569320267705,Medium,60-70
Karnataka,Bangalore,2009,6,32.855953229646474,54.014447324632215,48.065697717846575,240.69117479861316,,9.98010964145563,1,0,87.63902526127507,High,80-90
West Bengal,Howrah,1993,6,20.126411908476445,17.005706864185406,274.0006593749375,222.7014389169277,,9.808950376136929,0,1,76.82766264899288,Medium,70-80
Delhi,New Delhi,1987,5,7.843503752054467,32.0850943042978,90.3721181836629,276.5314211608985,,9.67124449731628,0,0,92.84036768947568,High,90-100
Andhra Pradesh,Visakhapatnam,2003,11,4.630236936364124,19.19105683200855,125.50995271830668,77.36543189090972,,35.52696201877238,0,0,82.55546845780074,High,80-90
Rajasthan,Jodhpur,2004,7,19.197238499971803,50.21150247525999,163.42212203418347,186.8947467908054,,9.747765892438357,2,0,83.71496683167608,High,80-90
Tamil Nadu,Coimbatore,2002,10,23.072249825377643,36.107539221529606,69.8035457813528,173.08675419171556,,15.52975584014893,0,0,90.7748062058815,High,90-100
Karnataka,Mysore,2003,5,36.546827809323105,20.357678785210528,81.88554013299282,362.768585193598,,6.66915570685212,1,0,87.12308623676077,High,80-90
Gujarat,Ahmedabad,2011,4,15.825720542237981,9.814087835860885,107.14521734644967,211.1121057208683,,18.178471833029494,0,0,92.70025519624748,High,90-100
Delhi,Delhi,1996,5,25.693580415476433,23.456530050760342,145.23456462678442,326.6061130989926,,12.453538589943333,1,0,90.65437046200088,High,90-100
Karnataka,Bangalore,1996,2,17.76005196645893,40.123838016643106,74.4042454950204,227.97218895543665,,17.6169000032586,2,0,80.52719604644774,High,80-90
Maharashtra,Pune,2001,10,19.17892894400431,39.46377652214599,155.43101522034578,196.96158629783866,,8.762619458628718,1,0,93.25340522784325,High,90-100
Tamil Nadu,Coimbatore,2013,2,35.36442804766293,19.70648997893423,125.58956285463658,202.82015128583475,,7.402333152164455,0,0,90.75787592017261,High,90-100
Delhi,Delhi,2015,9,7.2230591090579335,61.6138970517851,114.2677683095894,206.22288715477043,,8.74950467778196,1,0,89.37315838585066,High,80-90
West Bengal,Howrah,1988,5,27.136223918420704,36.15495129818391,240.6380035550292,86.24922719937018,,35.68826156539984,0,0,84.09585185704977,High,80-90
Uttar Pradesh,Kanpur,2009,10,15.961015761667946,43.00834763539892,213.4537372628156,199.86062731290318,,34.61854717824158,0,0,83.05709055203288,High,80-90
Tamil Nadu,Coimbatore,2007,9,25.67201674868132,24.776277078374815,160.46960766348033,314.3557545206764,,7.139127631745583,0,0,99.20106907661952,High,90-100
Delhi,New Delhi,1990,4,31.035618924237156,43.935220872915245,159.02602558537617,161.02073513040898,,11.232645070120736,0,0,91.98990583598238,High,90-100
Delhi,New Delhi,2006,8,2.226393928068372,32.50507161341356,153.2839914392571,208.5256033439424,,24.633671609573216,0,0,90.5774287727769,High,90-100
Gujarat,Ahmedabad,1987,5,27.28331733376234,40.07099287551157,136.87961279690242,52.25765626060908,,30.2861808046505,1,0,81.1785210280877,High,80-90
Rajasthan,Jodhpur,1988,7,26.83098900995338,38.668923391279954,192.55303311210736,164.62421190204822,,21.39342105125907,1,0,80.27664884226932,High,80-90
Karnataka,Mysore,2003,1,20.40946881999318,11.892410312522433,63.33869152600177,343.2069253683827,,22.542031502363997,0,0,87.22522459220458,High,80-90
Gujarat,Surat,2010,4,31.47617085802308,32.61692083127964,195.66053944751079,429.4902663596374,,14.463054602248338,2,0,82.73907480677849,High,80-90
Tamil Nadu,Chennai,2009,10,3.7576932911369454,56.09819331995175,111.6560163061366,115.88566221941474,,8.034939953218318,0,0,93.49483295462852,High,90-100
Tamil Nadu,Chennai,1987,11,20.578887379612535,20.898137649310655,142.95882406186115,229.9647132447016,,3.2225448955683933,0,0,98.37151426098076,High,90-100
West Bengal,Durgapur,2014,10,16.952232235948898,67.9308348738553,116.46891363275068,161.22642423398133,,15.75296558181063,0,0,94.89532048194309,High,90-100
Gujarat,Ahmedabad,2013,8,18.20369351110326,50.27328076292194,169.52215731191998,112.72778395995832,,1.1442154906291624,1,0,89.34070267542366,High,80-90
Karnataka,Mysore,2002,11,16.010451931441143,7.197754158832691,97.69986308036948,30.41431910279593,,4.025589170099404,0,0,91.7227730395961,High,90-100
Rajasthan,Jaipur,1992,10,5.447300237302928,6.704794745336443,190.9077557809178,70.17807764156768,,18.842152327056656,0,0,90.41511950347662,High,90-100
West Bengal,Kolkata,2005,7,34.24212163412433,27.384260723060905,137.8353020988889,207.79424548507927,,17.409115355744,0,0,89.67551339913145,High,80-90
Andhra Pradesh,Visakhapatnam,2002,3,15.058542984038976,41.09505049594234,172.07155189162296,195.36091199174774,,13.502571802021043,0,0,94.9075794464422,High,90-100
Maharashtra,Nagpur,1999,9,13.159113081340104,24.653009960994275,91.95434231386122,276.4299343245579,,28.863168153650275,1,0,79.8559842212017,Medium,70-80
Gujarat,Surat,2013,2,22.29685497157801,21.626951950956055,209.86372999946343,266.58442479794945,,4.567912689257933,0,0,98.83387571857101,High,90-100
West Bengal,Kolkata,1989,4,16.39313434319734,28.15303470299892,86.21979669721844,335.16745489579273,,18.929234657004884,0,0,92.33127458321414,High,90-100
Madhya Pradesh,Indore,2005,6,9.419666967056017,31.39586208592361,47.108906793890526,212.70065237015754,,37.55226873249192,0,0,80.53729305697442,High,80-90
Karnataka,Mysore,2014,7,35.55802225416881,41.24894754712246,218.40306240888086,431.89566617975083,,10.467232202429395,0,0,97.49217026985689,High,90-100
Maharashtra,Nagpur,2006,6,19.95754096704655,12.172163994709976,225.8238564097216,308.1562152197636,,3.25434844307105,0,0,100.0,High,90-100
Andhra Pradesh,Visakhapatnam,1997,1,20.41034622142121,21.523463845527267,246.6064752301329,226.82138852074226,,12.797463389771579,0,0,93.84556592488684,High,90-100
Madhya Pradesh,Bhopal,2006,8,1.6734399345297142,24.621349603579713,40.37625647246277,235.8577134114669,,7.526263652681027,0,0,97.23328074413753,High,90-100
West Bengal,Durgapur,2005,8,8.346447144643685,29.594517359880957,167.26020920612433,349.0898780333623,,23.687256883746198,1,0,81.81562505028745,High,80-90
West Bengal,Howrah,1994,8,9.825561187009615,26.91685934791159,124.62681617405424,310.94022252875925,,12.368047439485974,0,0,95.21211019162278,High,90-100
Madhya Pradesh,Bhopal,2008,10,20.262045623240702,51.77433366589857,82.6496532381184,236.5117837591473,,27.265400516846373,0,0,88.32285584746936,High,80-90
Rajasthan,Jaipur,2006,10,24.70367405873519,12.78010657493935,101.66648590434828,267.2413930674962,,7.688014923239847,0,0,96.04310311208086,High,90-100
Maharashtra,Mumbai,2012,2,10.169445310824367,58.98626718613629,78.58940510923611,230.25791406362382,,4.34381761232751,0,0,100.0,High,90-100
Maharashtra,Nagpur,2000,5,24.792075302321855,18.57445128764965,76.47511172946896,179.0673811351321,,27.383716552767574,1,0,81.00474828178446,High,80-90
Andhra Pradesh,Visakhapatnam,1998,8,12.773083076580093,62.7465726758893,147.19129296799298,311.26735084722543,,13.326920567423583,0,0,97.00560123765231,High,90-100
West Bengal,Durgapur,2003,12,29.231501004816987,33.67117023080281,152.01964836649643,191.2500648419913,,40.31565936546977,0,0,78.07242339444831,Medium,70-80
Madhya Pradesh,Bhopal,1995,3,18.96865535626178,38.87514747536014,168.03581178236752,112.49286959523968,,7.295835327815831,0,0,94.22533932140945,High,90-100
Uttar Pradesh,Kanpur,2001,5,6.02352481816567,37.03428003174033,112.06252781104553,160.38136872964253,,6.744125392872383,0,0,95.7507901985671,High,90-100
Uttar Pradesh,Lucknow,1996,8,20.476452662122608,33.169407793127036,19.491280745048954,302.8622887741605,,6.878287833521034,0,0,100.0,High,90-100
Madhya Pradesh,Bhopal,2006,8,12.131031792299941,56.47320048255991,94.40968082046965,326.82207402174055,,25.095325604973223,0,0,88.1577911209925,High,80-90
Gujarat,Ahmedabad,2011,6,22.79581844488129,23.88514547305214,55.62551260323309,279.8771361161788,,6.8888890470099,0,0,100.0,High,90-100
Andhra Pradesh,Hyderabad,2003,4,16.59199540358488,29.657628662171433,149.28774212755366,191.24400219437246,,8.02343493990804,0,0,95.20470555071127,High,90-100
Delhi,New Delhi,1991,2,23.461346805872914,11.786275646150834,183.4234300974115,95.85733764064898,,0.9127077075555821,0,0,99.94464696143787,High,90-100
West Bengal,Durgapur,1997,12,20.173721266943097,54.128917707102595,93.29148518528736,290.74989101888997,,29.45588859863172,0,0,78.3674535429577,Medium,70-80
Madhya Pradesh,Bhopal,2014,11,42.2245642292124,30.470362626912724,98.99631365820319,148.4469537990504,,16.921477130920497,0,0,85.99153582844657,High,80-90
Karnataka,Bangalore,2006,3,22.345202768279588,31.765070966687386,112.0220574880055,202.5113282787678,,24.372246482723206,0,0,89.76349783397626,High,80-90
Andhra Pradesh,Visakhapatnam,1999,5,6.81180715990836,11.829786373287082,94.03556828067613,228.96728291844045,,20.05702605688752,0,0,89.17444067862387,High,80-90
Maharashtra,Nagpur,1996,11,14.958941351766867,24.283557859027404,93.0563249986153,321.04621468476455,,11.087619890170673,0,0,98.01948691889291,High,90-100
Uttar Pradesh,Kanpur,1991,5,19.605197636034173,24.98477901324696,79.4033967867966,277.50597087680757,,45.88438850187728,0,0,79.27622539913703,Medium,70-80
West Bengal,Durgapur,1992,10,16.238733965629173,60.27472356458826,234.5149923063761,255.76833850424907,,14.1741842323794,0,0,96.84738324766198,High,90-100
Madhya Pradesh,Indore,2012,1,13.315760535128426,20.201272188009103,129.40477359404343,333.728811859442,,12.523429876061204,2,0,83.13214385981242,High,80-90
Maharashtra,Nagpur,2015,11,38.39821336219502,21.755597197709925,118.97025235765135,318.6369385487685,,24.82087509436753,0,0,84.84265086035239,High,80-90
Uttar Pradesh,Lucknow,1998,2,7.0473092792348595,19.931495402691493,88.85849926163094,351.34283141319565,,17.226971650509316,1,0,91.23525112412413,High,90-100
West Bengal,Kolkata,2003,7,21.278199178627215,46.34183118406173,139.22563139654432,352.5537590126179,,7.211993382434192,0,0,96.51464476259764,High,90-100
Madhya Pradesh,Indore,1989,1,19.40894280058507,41.346270760056065,59.93844580430095,223.5686625117358,,46.114381698047126,0,0,77.08136336798493,Medium,70-80
West Bengal,Kolkata,1995,8,2.9495311486797853,18.67543901146795,184.52702293458245,274.0790860815911,,17.363899102526208,0,0,95.12227742409037,High,90-100
Gujarat,Surat,2012,1,29.30174106039233,15.911066334122193,88.07687363713754,203.98171782656593,,9.244389318184272,0,0,99.25092966981846,High,90-100
Madhya Pradesh,Bhopal,1991,1,6.51818669651845,10.765327171812483,123.35170086019485,208.65631671004303,,23.948112931216638,1,0,84.96179248954111,High,80-90
Tamil Nadu,Chennai,1999,3,21.05593283611341,20.570550989783783,180.82915420927918,258.68953143821153,,36.749224301771946,0,0,88.2190426331956,High,80-90
West Bengal,Durgapur,2013,3,7.956540929196098,42.35592571143406,149.12185955170003,251.8168380466124,,6.176228650531284,0,0,97.08084101618859,High,90-100
Tamil Nadu,Coimbatore,1993,8,14.338521591988146,18.307045796813135,18.012304034588567,242.7282296902012,,19.90951098059227,0,0,85.45928851878443,High,80-90
Delhi,New Delhi,2010,10,25.14344714757933,28.914420939414732,167.3118834634891,297.96052909895604,,13.750278205884706,1,0,87.07639392169588,High,80-90
West Bengal,Kolkata,1996,8,23.08285177583017,41.09793987561714,210.69373746497973,205.54711499208526,,15.98757648456822,1,0,88.07551254608032,High,80-90
Delhi,Delhi,2012,11,3.994036297438047,7.9787187064493885,158.06895335699403,341.7341630150937,,8.668924305936725,0,0,96.69274360303764,High,90-100
Rajasthan,Jodhpur,1996,9,29.763479589634866,32.372995834730176,159.94812812715116,278.3832943510887,,17.49668785437403,0,0,89.34302165069012,High,80-90
Maharashtra,Mumbai,1995,10,6.920074748898472,36.62851482820526,86.78957532787294,237.8232412440586,,17.272650142407056,0,0,94.82473252925958,High,90-100
Tamil Nadu,Coimbatore,2013,3,13.307837517977411,14.293602487544275,57.45958494400468,168.83392723655695,,7.704768269858005,0,0,100.0,High,90-100
Rajasthan,Jodhpur,2008,11,19.191717629351114,43.009052184750296,153.2385648195941,301.24306125241066,,8.196595364272147,0,0,94.37752633246046,High,90-100
West Bengal,Durgapur,1999,2,16.88849549835618,27.721348541089903,172.7585878496217,273.10502309485025,,9.211997460398795,2,0,89.63616697980751,High,80-90
Delhi,Delhi,1990,3,5.62531577900357,31.36611575802342,87.4220063362672,263.7472653982307,,11.823229051800247,0,0,91.83775558994145,High,90-100
Andhra Pradesh,Visakhapatnam,1988,12,20.986775415244125,12.170773770068124,54.047104937992,292.9869378322822,,8.845575800255856,2,0,81.720119305757,High,80-90
Tamil Nadu,Coimbatore,1992,5,14.454935119750171,31.866141873864848,150.09230448723912,113.884038207213,,8.916567666201827,0,0,92.33505472083516,High,90-100
Rajasthan,Jaipur,2014,3,10.605062469778138,20.625147225547302,89.41784321531323,323.254184259784,,14.826720525486817,1,0,86.52057092347444,High,80-90
Gujarat,Surat,2014,3,22.400362904981883,26.83836298129664,139.10624120478,196.14481036994232,,9.347369287618491,0,0,91.30798492884705,High,90-100
Andhra Pradesh,Visakhapatnam,1995,4,26.44065226322018,33.522176726497136,153.04904110283266,222.87869769518082,,2.10817396588497,0,0,96.07515255177242,High,90-100
Maharashtra,Mumbai,1987,7,20.86989762401501,19.924856020080092,140.36126669009082,275.97284703785715,,24.307465756500612,0,0,85.20462696978271,High,80-90
Tamil Nadu,Coimbatore,2004,2,15.268946145344273,34.32330717632577,212.46570536262226,298.7377201490237,,9.235373726938976,0,0,100.0,High,90-100
Madhya Pradesh,Bhopal,1998,4,18.124684377863908,52.79511087632654,219.09851174139703,251.20290611736283,,19.349522528012034,0,0,95.66941491126659,High,90-100
Karnataka,Bangalore,1996,1,29.177873348350918,47.259343030106194,4.396910263288717,382.240343010566,,9.199844636516804,1,0,89.87064396561465,High,80-90
Andhra Pradesh,Visakhapatnam,1993,5,9.888398798574114,27.969219146470692,11.533751307552194,282.710354070223,,23.120706992580768,0,0,88.58384868894113,High,80-90
Delhi,Delhi,1993,6,12.528118978641853,47.6439051348447,200.03351297882858,136.2259783099349,,7.181211519270018,1,0,91.01008334625466,High,90-100
Andhra Pradesh,Visakhapatnam,2005,4,14.151060296599013,4.854015890883694,66.50121318142695,420.29182400211084,,15.271990934776564,2,0,81.59542609300148,High,80-90
Gujarat,Ahmedabad,2001,11,8.564529035170505,17.823387491615783,152.75442769936524,173.7559543327916,,30.065171944175184,2,1,52.807894633916,Medium,50-60
Uttar Pradesh,Kanpur,2011,5,0.5730634120653946,3.125085697323282,53.355824939099975,220.00366325512738,,7.95120260157798,0,0,100.0,High,90-100
Maharashtra,Pune,1989,8,11.225364101914453,38.25543658847856,139.16466493722828,188.1378855577888,,4.694342409773382,1,0,94.01520961129434,High,90-100
Tamil Nadu,Chennai,2012,4,43.495359344860574,31.647008074715504,126.29318183183022,164.937197009902,,7.087249544260418,1,0,92.45254746754136,High,90-100
Madhya Pradesh,Bhopal,2008,5,20.122271956086244,66.55749418138464,92.76517302485033,347.1790964961319,,14.813269441502689,1,1,71.47405102503666,Medium,70-80
West Bengal,Durgapur,1999,8,25.17851910635363,19.12303998843899,120.20565740698473,334.0728380430897,,20.10915146608327,0,0,94.05999036682223,High,90-100
West Bengal,Howrah,2007,8,15.477084907492843,8.551946399768767,106.67988071365144,68.97956087246197,,10.66438235343511,1,0,89.74768920044885,High,80-90
Maharashtra,Mumbai,2006,10,16.74335115543757,23.822884701205044,143.76742829091174,189.53959861746284,,9.548874111519863,0,0,97.97883815542028,High,90-100
Tamil Nadu,Coimbatore,2006,5,22.42273630700199,3.8112516442443507,200.08333322431056,216.42983767087972,,15.152008030584755,0,0,93.18242639833385,High,90-100
Madhya Pradesh,Bhopal,2008,1,22.524370386909432,58.88602365189092,23.693306333150616,118.36734124062798,,13.378387862430094,0,0,95.01667827811605,High,90-100
Gujarat,Ahmedabad,2001,11,23.931020959426938,29.915674595990353,243.79789083264376,248.27312614476398,,17.167212213290814,1,0,84.93255282890797,High,80-90
Gujarat,Surat,2009,2,27.29525648395647,5.983239184714801,106.70010562246222,167.83521080636748,,17.95495038048406,0,0,87.33562720644599,High,80-90
Madhya Pradesh,Indore,2011,11,12.330888272492107,55.585984936278166,134.46447419921128,410.3605326168421,,13.387980741535888,0,0,92.94870148574041,High,90-100
Rajasthan,Jodhpur,1993,5,4.975465092327401,19.001933331110934,109.47103386034868,120.07145416731751,,12.371169404257389,1,0,82.3693168974448,High,80-90
Maharashtra,Mumbai,1988,2,13.987990743896582,42.25599805097464,167.42901770890663,391.00800512597016,,3.143305095047724,0,0,100.0,High,90-100
West Bengal,Durgapur,2005,1,18.79290237355581,46.29737516519516,136.6982430462471,305.0485658758991,,6.875147848890352,0,0,97.36032436396161,High,90-100
West Bengal,Durgapur,1999,11,8.759061529658148,33.812828684811,116.83553416877548,459.16018462338684,,24.807074990257767,0,0,89.3993702144232,High,80-90
Madhya Pradesh,Indore,1994,3,21.045291187893568,41.361068094951676,97.28818256205734,338.90670998078394,,4.704731675218135,1,0,93.09099441793205,High,90-100
Gujarat,Surat,2013,11,12.107810612924482,26.30835607098485,103.55504741814826,274.91656454551986,,10.361644160890727,0,0,100.0,High,90-100
Rajasthan,Jodhpur,1988,8,1.0001469796076066,31.004547601036442,96.88336799764207,337.8113061344192,,8.619155534276002,0,0,96.3959816746182,High,90-100
Rajasthan,Jaipur,2011,4,20.640305006035483,58.818496448865446,258.737003349657,195.60434065254412,,28.024168534142284,1,0,78.91662093012862,Medium,70-80
Tamil Nadu,Chennai,2013,7,30.459348857769264,7.195899437737165,201.4503433813898,119.00709497245552,,58.07792291270451,0,0,67.08944465151646,Medium,60-70
Karnataka,Mysore,2011,7,24.895896859763106,14.72897869265212,205.4118917193091,496.4427576734204,,21.44531283378025,0,0,89.22090136811926,High,80-90
Rajasthan,Jodhpur,1992,6,10.821684447889968,41.684599371771554,67.55379191080357,206.44877668228455,,11.170504719607141,1,1,64.58919597130235,Medium,60-70
Karnataka,Mysore,2014,3,6.638407173284294,25.739612842182932,163.31337101912627,309.9165970434396,,17.956296010573492,0,0,90.39300117070505,High,90-100
Gujarat,Surat,1994,4,15.478559096075081,1.476478269764531,19.61882714334476,326.5394121560439,,14.466546146558274,0,0,97.03356643367444,High,90-100
Andhra Pradesh,Visakhapatnam,2010,2,25.65051693563082,7.112380736876439,118.55550098511439,244.75675825259466,,28.17633864646332,0,0,87.56761743736273,High,80-90
Uttar Pradesh,Agra,2007,8,18.986155428691184,24.195696815633344,41.728814394519944,226.10803154620518,,15.346024662146995,0,0,95.5761186845758,High,90-100
West Bengal,Howrah,2001,2,21.979893024642596,44.83514586726146,67.87296313916505,239.9269955553679,,21.741486857439245,0,0,90.93543591834471,High,90-100
Andhra Pradesh,Visakhapatnam,2001,4,36.98526853356068,13.244360088576766,150.56924557976765,236.45641148796727,,15.766698022815758,0,0,88.04404966472045,High,80-90
Maharashtra,Mumbai,1990,10,30.049809825397926,37.99621110563098,14.561982448257766,335.99116832113015,,41.55938990081873,2,0,66.94335379196,Medium,60-70
Madhya Pradesh,Indore,1990,2,19.663371168403444,1.2613934152290867,144.39385689558958,244.7671003093975,,18.43522180353799,0,0,86.05212248362896,High,80-90
Madhya Pradesh,Bhopal,2005,6,7.661107989768784,16.766726216060412,85.65125903051836,376.96213880257034,,33.746035950532814,0,0,83.88167053301606,High,80-90
Rajasthan,Jaipur,2012,7,16.033072301277752,33.05443723904581,183.57101942235997,198.78581465080347,,2.191574542922142,0,0,94.63589866288531,High,90-100
West Bengal,Kolkata,2005,7,22.419493315698993,28.623090080955297,170.29311967236958,358.08148363971156,,42.6431051658489,0,0,80.23896949534213,High,80-90
Tamil Nadu,Coimbatore,2000,6,21.80053899988502,31.324284725072182,108.66994171308464,204.33004858398292,,2.9083965911539322,0,0,92.12073353876208,High,90-100
Tamil Nadu,Chennai,2011,11,25.700517807406975,36.07999535998093,180.24388988994792,335.5373660078622,,43.40810703883239,0,0,78.37677918192482,Medium,70-80
Tamil Nadu,Coimbatore,1987,10,18.76930591210428,43.67417194504159,163.93951456577918,453.17687588126364,,0.5464556872056596,1,0,97.31053729970596,High,90-100
Uttar Pradesh,Agra,2002,10,22.97237503039355,36.4558404334382,233.76499461310812,299.4762568648248,,0.5127391526636352,1,0,91.53157424658983,High,90-100
Madhya Pradesh,Indore,1991,4,16.531886316749098,24.150424375172435,68.47540277642719,301.46316133562374,,13.800834313654514,0,1,77.27814917573387,Medium,70-80
Madhya Pradesh,Indore,1997,5,1.4663509760487372,23.748269201852207,14.635410424356081,86.82895757144354,,13.412494668250716,0,0,93.2179832034225,High,90-100
Delhi,Delhi,2013,3,26.338416462292614,22.726219633284416,93.80204329469117,309.54956716303855,,24.9694573851224,2,0,77.45524956182159,Medium,70-80
Uttar Pradesh,Kanpur,2011,12,17.97191491929506,48.78002869412577,219.47154203378852,301.9372589831872,,20.988486302787422,2,0,75.72759184869822,Medium,70-80
Rajasthan,Jodhpur,1991,12,15.726173154849223,52.492535537463,95.21845825707331,409.19978947397476,,4.277805699296461,0,0,99.40422938932046,High,90-100
West Bengal,Howrah,2001,3,25.306709060632258,42.12159419936255,86.87051936703772,270.0025486368828,,22.774853310866348,2,0,73.42513428909466,Medium,70-80
Gujarat,Surat,2005,10,17.58230632534026,22.830453144161034,99.82685064014632,292.5376284935602,,24.2256212207582,0,0,85.57456437158159,High,80-90
Uttar Pradesh,Lucknow,2013,10,20.753599792329993,22.207672275658734,109.04674471037451,286.1574575925012,,19.628908838612983,0,0,84.69008418182972,High,80-90
Madhya Pradesh,Bhopal,2002,1,17.58685897082275,33.76479552871111,101.80756222302864,105.16230016651747,,24.0983108491366,1,0,86.7850646459768,High,80-90
West Bengal,Kolkata,1997,6,19.186232092020663,23.669634089126177,90.42165016941999,149.18806207691563,,1.5597338037303212,2,0,88.06140711179545,High,80-90
West Bengal,Durgapur,1997,9,24.964086578987427,17.353423489019306,132.06900986927016,383.18574484421697,,21.741579079769195,0,0,93.48636368506534,High,90-100
Delhi,Delhi,2002,1,29.14472530547939,23.588430275492083,184.14757922799106,269.32624843364306,,5.483743926349696,0,0,98.91526846633234,High,90-100
Karnataka,Bangalore,2009,4,6.570060292234032,55.97498561961712,164.08658411852053,247.28345355216806,,7.9007715682755535,0,0,98.74741449016464,High,90-100
Delhi,Delhi,2015,1,23.3636445687189,14.779328931086159,122.49376969296277,298.7988568470133,,9.490901520403092,0,0,93.40575124810216,High,90-100
Karnataka,Bangalore,2010,7,10.930921846009525,28.9150307999466,237.9143235880152,272.5843445229784,,6.942490974517781,0,0,100.0,High,90-100
Maharashtra,Nagpur,2014,1,15.986408279012355,29.334681838611427,81.29957181212438,198.6422761509903,,6.576846642779211,0,0,92.15205814849323,High,90-100
Tamil Nadu,Coimbatore,2001,2,18.55967086098187,44.963338378277996,111.48904912529005,333.08156603810323,,10.163468699055564,0,0,100.0,High,90-100
Andhra Pradesh,Visakhapatnam,2007,1,18.632405144637637,20.688759244219202,112.09544155816097,340.4313696393288,,11.165935569184565,0,0,92.18961029765427,High,90-100
Madhya Pradesh,Indore,1995,1,29.271287845659593,23.08735981575174,130.6718558412893,301.5666357461393,,15.224024974916592,0,0,90.7792551857035,High,90-100
Uttar Pradesh,Lucknow,1991,8,7.288669361664661,31.667193733916697,125.44967915209557,359.80199538890315,,28.538764987919297,0,0,88.83171759511652,High,80-90
Maharashtra,Nagpur,2006,8,36.20983768908661,45.75382031575362,150.69593126979802,206.4353755994989,,14.4064907985577,0,0,97.31078650708011,High,90-100
Rajasthan,Jodhpur,2001,3,16.070232322568796,17.309850831475565,209.14458572950622,206.11055384844317,,9.152650580978303,1,0,92.31964095140646,High,90-100
Tamil Nadu,Chennai,2001,5,22.139127788985853,32.159269393155725,77.36628823173803,276.4840443954573,,18.508944014404495,0,0,90.25243081272811,High,90-100
Karnataka,Bangalore,1987,3,26.465054939739403,31.553121169671797,62.98105841383151,132.13352738020888,,12.070040332954857,0,0,91.83185346680536,High,90-100
West Bengal,Howrah,2001,2,7.367966805523702,29.304456725789294,104.15977370676275,200.4830951012273,,3.0260956530277605,0,0,98.33986708219467,High,90-100
Gujarat,Ahmedabad,2015,4,15.748770734738644,0.33558550545131993,90.10210124956612,340.10829607780096,,5.828287607649188,0,0,98.17148206342468,High,90-100
Delhi,New Delhi,1995,11,9.06413822287834,26.563940351497457,178.1216320377023,222.16476496582374,,24.618533364507396,0,1,65.41481346745769,Medium,60-70
Madhya Pradesh,Bhopal,1988,8,19.80158634953596,6.680814402749174,151.33944805403777,270.5037700387803,,18.190534663950913,1,1,68.62423543356002,Medium,60-70
Gujarat,Surat,2014,2,16.446478805409228,47.913861065992805,41.32022626417718,234.98808953383744,,12.00453957022291,0,0,95.18118301715094,High,90-100
Madhya Pradesh,Indore,2008,7,6.930427344191482,39.60659822827421,148.0233339285483,277.51094311560837,,16.058069760232737,0,0,89.71461951740815,High,80-90
Rajasthan,Jaipur,2014,8,25.6970131432914,31.945472518380324,124.06935935904855,180.0086115461566,,13.138818404403214,1,0,91.39736489204985,High,90-100
West Bengal,Howrah,2014,12,9.518031285954708,33.51258077084196,66.00991138597905,165.26835867251918,,18.970351812787612,1,0,86.83520355478532,High,80-90
West Bengal,Kolkata,1992,8,12.300079499144893,32.80291934500703,58.641944422109795,262.6973396594116,,8.239294345530327,0,0,94.0352459949311,High,90-100
West Bengal,Howrah,2005,10,7.531884873489114,44.58747036357578,40.67230583698064,387.7832631445152,,16.40075688336308,0,0,88.73509318862935,High,80-90
Andhra Pradesh,Hyderabad,1987,11,20.829868096456003,20.598349988793217,190.6380545113078,254.15608516114602,,15.99199691943257,0,0,96.35228577846999,High,90-100
Karnataka,Mysore,1991,8,15.317249747935175,33.95907089081309,214.38493245126313,302.29672967363894,,17.03164281208943,2,0,77.50637100849309,Medium,70-80
Delhi,New Delhi,1987,5,20.610453942475175,32.68210610978445,153.55502316140127,437.9641139454503,,20.035714672709815,0,0,93.57833730011075,High,90-100
Madhya Pradesh,Indore,1997,6,25.83964573916242,42.155371876365194,85.3814433816643,290.1013894521175,,2.0536387540551515,1,0,92.68262964806512,High,90-100
Karnataka,Mysore,2012,4,10.846045856965748,23.509621302532118,32.94997831271458,238.91460716048655,,17.786349553631798,1,0,84.65267893205365,High,80-90
Karnataka,Mysore,1998,4,12.861431991414214,33.524853002660365,148.664552571298,134.44798594855604,,21.68088509332419,0,1,73.78605671810992,Medium,70-80
Tamil Nadu,Coimbatore,1996,2,5.155037214478774,30.240277482194145,57.706024922413704,220.43190646953803,,5.596204184476432,0,0,98.8599754302055,High,90-100
Maharashtra,Mumbai,1987,6,9.753694508111021,40.27129011878808,120.37492096334547,251.89218234270368,,7.956076125118863,0,0,94.4244130051242,High,90-100
West Bengal,Kolkata,2001,9,37.072801712514334,23.19648386906614,93.24687101843584,369.38020547910514,,11.553346196563801,0,0,89.73112890332128,High,80-90
Delhi,New Delhi,1989,8,19.23734959029755,51.67033076643999,62.55610134516974,148.4280330462928,,6.837329117562561,0,0,95.05995266055982,High,90-100
Tamil Nadu,Coimbatore,2000,3,2.560311015247665,31.566015462779326,127.42174170537666,354.1333687514916,,23.5892851479992,1,0,82.40664390078543,High,80-90
Gujarat,Surat,2004,1,15.134365676685448,4.38109457281066,70.60559770450779,207.55780308025103,,3.6445721579899226,0,0,99.42242966838366,High,90-100
West Bengal,Howrah,2015,1,1.9682076412879184,17.112495385247357,150.2895587807427,196.26534566742012,,10.994844089937974,0,0,94.85016105284615,High,90-100
Gujarat,Surat,2008,11,41.76541131048785,33.50279935017501,126.75834169073593,258.65263932008173,,6.732786357342975,0,0,92.16459528696366,High,90-100
Karnataka,Bangalore,2012,4,10.959552364895227,67.90128091204154,59.86478144300834,201.71790250583314,,8.497646921429586,0,0,95.13589582687439,High,90-100
Madhya Pradesh,Bhopal,2010,7,21.08559158139641,36.746240567716576,198.35963084900254,218.82654908168536,,7.4208776024654215,0,0,99.08097894125153,High,90-100
Delhi,New Delhi,2014,1,15.121463554191042,35.59828522871539,59.5137175354802,334.12862362872403,,23.107686512943502,0,0,83.61835540492264,High,80-90
Tamil Nadu,Coimbatore,2001,7,16.439790379003405,33.450015814816894,50.0416121995993,367.71382048644443,,9.968694355217544,1,0,89.19452460526229,High,80-90
Maharashtra,Pune,1995,3,20.66049436372332,20.790207168291097,69.46608394087869,8.149023488645753,,22.292015111171605,1,0,84.69603136665638,High,80-90
Tamil Nadu,Coimbatore,2004,5,11.92509036576401,13.379679567242988,75.81142541583192,338.39073928963455,,5.495323015402848,0,0,100.0,High,90-100
Madhya Pradesh,Indore,1991,6,5.985686439168111,19.311272560580292,79.53189363849538,300.39612782963684,,17.67030078431854,0,1,64.07941970241184,Medium,60-70
West Bengal,Howrah,2003,5,18.585809884603236,22.65230994250305,96.63609064664419,269.0152722336947,,18.807881254555166,0,0,92.08146935768117,High,90-100
Karnataka,Mysore,2013,2,6.02117108088844,60.68580967738489,145.08924259352005,154.3255859993704,,24.077240114643292,2,0,80.05590871283323,High,80-90
Uttar Pradesh,Kanpur,1992,6,28.170579779563376,26.148824651210326,59.51450008414938,262.88445158609096,,4.89769379269592,0,0,96.9411997345933,High,90-100
West Bengal,Kolkata,2003,9,9.208513957302484,16.97320545709755,102.37222859662575,303.12613092102504,,10.838924819990412,0,0,93.59381701861372,High,90-100
Delhi,New Delhi,2002,3,27.776135772825246,16.738287372736057,121.16655486975797,92.79115662144903,,20.41936291465199,0,0,86.69534194674591,High,80-90
Gujarat,Surat,1987,3,20.7802730333943,24.867264630781847,78.71455149504945,273.55988899475466,,14.246498306737893,0,0,91.90120614903694,High,90-100
Gujarat,Ahmedabad,2015,1,29.208809822967737,32.799991788678994,90.82124771426543,292.480454188164,,10.254825661095214,0,0,100.0,High,90-100
Delhi,New Delhi,2003,2,27.615205985610686,28.67181143485286,62.1493574375895,272.1583483912903,,0.1560766219080517,0,0,100.0,High,90-100
Gujarat,Ahmedabad,2010,2,7.514087057237104,44.79163060621875,107.99284546853625,297.1108700861133,,27.866930337742073,1,0,81.31359101222048,High,80-90
Tamil Nadu,Chennai,2005,4,25.847012492867645,33.73567944915974,44.823712693489824,121.62292382552417,,3.2322840544574043,1,0,98.56508116342818,High,90-100
Tamil Nadu,Chennai,2013,5,9.02222202204045,11.594963039331816,31.67465595089449,374.9716577264754,,15.980858142160917,2,0,81.01714498324498,High,80-90
Maharashtra,Mumbai,2011,2,19.272619013988038,43.16185668097041,141.510297431852,236.03614247010452,,11.462682724394954,0,0,97.82726228407701,High,90-100
West Bengal,Howrah,1992,7,21.78419258488269,31.241530218971068,101.94053628513177,179.13916281032505,,19.260293852888797,0,1,70.10051310996764,Medium,70-80
West Bengal,Kolkata,1999,6,5.82376557239596,64.22416454075537,2.8617604842451243,188.41634101519608,,8.600841050803082,0,0,97.36033787801551,High,90-100
Uttar Pradesh,Kanpur,2010,4,20.527010089498077,62.61995982171206,79.55684908105277,271.2447616041457,,5.937405112064958,1,0,87.56389174088521,High,80-90
Gujarat,Ahmedabad,1996,3,14.891106928247023,60.84506016647833,169.19829539522257,360.6507431122404,,24.895977394874013,0,0,86.6834226189774,High,80-90
Karnataka,Bangalore,2015,12,26.237596147758428,22.70565144254587,114.86128298127237,110.96555409867659,,7.993488911248334,0,1,78.03528174481276,Medium,70-80
Madhya Pradesh,Indore,2004,2,4.904374076576749,27.885063532087806,195.75204830991038,115.94742302309541,,14.600559608557518,0,0,98.46952342798971,High,90-100
Maharashtra,Mumbai,1994,5,25.477091510470792,10.826365461312172,116.88135735455758,243.65452075621272,,42.83189383216366,0,0,81.45958338050218,High,80-90
Tamil Nadu,Chennai,2011,7,32.71748219718815,33.31561281046086,135.31049506767584,295.8875439279069,,53.0370761908236,0,0,71.32838813433425,Medium,70-80
Delhi,New Delhi,2003,1,27.992848834299647,14.01819041040984,184.9011046004065,347.24734566404527,,8.63487785630189,0,0,94.54932158944672,High,90-100
Gujarat,Surat,1987,5,3.695698278072122,23.646753771712692,175.239246522469,401.6055244334609,,43.46253416798462,0,0,73.80587467105661,Medium,70-80
Maharashtra,Pune,2005,8,24.05143279955362,20.436114433385594,101.97137380785917,287.4116865239663,,5.164607856335553,0,0,96.05612447082731,High,90-100
Karnataka,Bangalore,2015,7,3.017635704960462,38.864307405823325,0.14778489205616552,294.37598697430536,,11.325069308865059,0,0,89.64853232414158,High,80-90
Uttar Pradesh,Lucknow,2002,2,3.8245938375887434,37.741440644443955,44.475434572544884,275.8253876884469,,70.22965142990647,1,0,57.11597221280601,Medium,50-60
Uttar Pradesh,Agra,2011,3,31.054958663753027,35.60128357191789,86.70841862038543,157.0056862042278,,44.640250105856474,0,0,72.16614943492539,Medium,70-80
Madhya Pradesh,Indore,1993,11,13.407983356155803,37.90813748892632,145.46274419889608,183.40931803123695,,27.559246654089044,0,0,87.05021971011601,High,80-90
Madhya Pradesh,Indore,1996,12,33.16328805355596,53.267064124760864,96.49067085715242,246.77892593950025,,11.771381571322417,0,1,74.03956046355275,Medium,70-80
Madhya Pradesh,Bhopal,2004,6,8.16580992443366,36.76792627915369,110.96140647754152,237.33570244057424,,1.8369133208758617,2,0,88.97804892429674,High,80-90
Andhra Pradesh,Visakhapatnam,2002,7,23.02342728443724,32.7798248834672,40.22899324524961,262.78453594161306,,11.917422451761443,0,0,93.54048227198334,High,90-100
Madhya Pradesh,Bhopal,2004,5,10.798149197908383,23.270717197922217,48.72201555826307,232.29444940495338,,55.634737881977536,0,0,72.55126402903548,Medium,70-80
Delhi,Delhi,2015,2,0.7809183388300056,12.73523728614262,74.59071543383882,290.7650864244697,,15.792626712265573,0,0,92.5551083776418,High,90-100
Madhya Pradesh,Bhopal,2013,2,4.440541621208746,45.263276072484345,80.40785053594132,209.56850600029404,,13.232865107533456,0,0,94.15619765718537,High,90-100
Tamil Nadu,Coimbatore,2008,3,5.745798017843857,50.48565391331035,41.34243889727024,302.0484543903382,,27.479981072692627,0,0,83.73816287833688,High,80-90
Gujarat,Ahmedabad,1991,1,25.764277744479855,53.22513492912819,34.69410981653053,290.76886378623163,,5.276783209298342,0,0,94.98230944677968,High,90-100
Delhi,Delhi,2008,2,10.83045960780043,4.498139274198117,76.33311704872568,195.55297264633947,,15.98751175160993,1,0,82.68841698958066,High,80-90
Karnataka,Mysore,2014,3,30.83610732985292,40.03320840452973,46.66693821558168,312.1969573533103,,4.549756687385,0,0,95.09430318634304,High,90-100
Gujarat,Surat,2006,5,33.170430859547956,45.016913296599085,135.89176296228737,181.28897382229712,,20.577335637802474,1,0,76.18720914731841,Medium,70-80
Karnataka,Bangalore,2014,9,19.03728265682191,20.20158599127374,122.18142308869724,239.41851441643402,,6.0849474659771605,0,1,78.13386770552098,Medium,70-80
West Bengal,Howrah,2008,1,17.825456605342385,21.543193499175356,57.324924759896845,354.7000255396119,,16.795036699032657,1,0,87.00195893400385,High,80-90
Delhi,New Delhi,2005,11,26.115652197075235,14.718782990787332,16.813732922371884,465.75809899335013,,27.70579307483409,1,0,79.73017141924863,Medium,70-80
Madhya Pradesh,Indore,1990,4,14.968694402517501,70.79868214001178,110.84825871123111,431.9528358899233,,6.937639128083475,1,0,94.23814330507587,High,90-100
Madhya Pradesh,Bhopal,1990,11,9.335442031228265,27.96892603252275,37.09670661824241,249.93938526334367,,12.57321713333028,1,0,86.05397705335088,High,80-90
Uttar Pradesh,Kanpur,2000,7,9.860198453148696,15.871357082020637,70.74695446199695,112.80410980087015,,14.983419701245026,0,0,84.0917547135617,High,80-90
Maharashtra,Pune,1989,1,25.37039969638767,29.52347361595082,166.87748373182177,296.7315778228471,,39.3326177798945,1,0,72.35134249401722,Medium,70-80
Tamil Nadu,Chennai,2003,4,32.616338192045916,39.50437916884713,79.68851959365945,368.52213448148933,,6.482749108040172,2,0,82.83785843860987,High,80-90
Karnataka,Mysore,2003,8,7.255962244480852,22.73685573275603,65.08457710709231,238.8686841776784,,6.007292147304591,0,0,97.15303934963208,High,90-100
Gujarat,Ahmedabad,1997,12,25.793665143778103,28.08038430610649,47.49475004326871,189.89796371608267,,10.837984964782708,0,0,100.0,High,90-100
Tamil Nadu,Chennai,2006,9,27.48295001050633,33.94442099701291,111.94991865264836,419.29465927928766,,42.35563428924562,0,0,84.62211435438984,High,80-90
Andhra Pradesh,Hyderabad,2012,2,26.545861251325604,40.022326797156104,39.03670492787117,124.44285633917013,129.60052925225915,10.61798601783364,0,0,93.76049819802499,High,90-100
Maharashtra,Nagpur,2005,5,22.62830073226668,24.082177373848204,144.47447280443814,224.1369200300322,,10.836112086711202,1,0,89.3999536155641,High,80-90
Rajasthan,Jodhpur,2002,7,5.409973770662299,22.497491335803364,212.05470317533636,318.9906038610269,,7.859286034539004,0,0,94.69601213070106,High,90-100
Maharashtra,Pune,1999,12,14.573632487677,18.27996032241554,169.94006804450112,258.7169424736346,,1.7810827059543948,0,0,99.61499636576694,High,90-100
Gujarat,Surat,1998,7,28.40534445273553,21.390303098351055,145.7594050472558,432.6366929758909,,11.54023482406533,0,0,93.30121126839624,High,90-100
Tamil Nadu,Coimbatore,2010,12,19.51349752452347,37.4838302280022,84.84568791586074,314.86889634886063,,5.961086107933314,0,0,96.73119976492546,High,90-100
Karnataka,Mysore,2013,4,13.574833838477595,16.569996372349472,91.71370801409117,99.36098196382821,,1.6241494984233786,0,0,95.2208743682855,High,90-100
Tamil Nadu,Chennai,2009,7,32.59738855667112,35.57722229020704,175.85411819774765,280.98745337270606,,5.779409132351465,0,0,94.81841574581988,High,90-100
Rajasthan,Jodhpur,1994,2,27.437138772259242,32.696879329411225,17.327543012799083,253.7125363045142,,8.823454028606736,0,0,93.35642987981296,High,90-100
Delhi,New Delhi,1989,10,22.24653968449302,12.111832293696018,169.2468676550541,240.8585149169377,,15.164401799148166,0,0,94.21001029937977,High,90-100
Andhra Pradesh,Hyderabad,2014,12,5.531161269610362,24.648530307140103,118.57667667898787,266.275783776015,,16.970128683618576,0,0,93.67275164631853,High,90-100
Gujarat,Surat,2007,9,19.576359652729856,20.86172115526384,208.97894044061846,262.6760599287126,,13.185004096288083,1,0,92.20164624611601,High,90-100
West Bengal,Howrah,1987,12,23.113541607259986,29.64941918780675,127.80821506198231,470.22044015372114,,29.027003071295614,0,0,85.08484874706556,High,80-90
Delhi,New Delhi,2015,9,14.87538148825239,61.06762325213904,129.1552585155376,236.8033482781845,,5.780600436611925,0,0,95.5287269306175,High,90-100
Uttar Pradesh,Kanpur,1993,10,28.143372366233212,20.374094760860594,46.93177757696934,201.0669194535227,,11.802000958550767,0,1,73.94957126587762,Medium,70-80
Rajasthan,Jodhpur,1995,4,23.555962115716703,56.36405238067093,118.72484532312104,257.44364349236895,,0.2588752704365093,0,0,95.2530905878688,High,90-100
West Bengal,Durgapur,1996,10,32.69455221815038,39.35195888503653,100.75210988654433,300.41334850828014,,18.349726348986813,0,0,93.35059544427014,High,90-100
Rajasthan,Jodhpur,1998,6,6.566843736725151,48.63150172561283,214.363096085962,238.53094722020623,,24.15075660955906,0,0,88.83826023217748,High,80-90
Delhi,New Delhi,1994,10,19.93361415619266,32.10662291015408,77.12817085734672,318.14326188830296,,42.37750197061562,0,0,81.1820384657408,High,80-90
Madhya Pradesh,Bhopal,2008,2,5.544193223613247,36.383952145426875,98.91079179749084,348.54718616741627,,10.596669960777918,0,0,95.38360397709262,High,90-100
Karnataka,Bangalore,1994,12,14.174711416210243,33.809871335539604,210.54092260944196,238.81915991842567,,52.76966725387551,2,0,70.50020761527283,Medium,70-80
Maharashtra,Nagpur,2009,2,26.340324662727685,7.713458916091231,94.49481382381288,123.52173626866684,,40.69014683995186,2,0,69.79473238291092,Medium,60-70
Gujarat,Ahmedabad,2007,7,11.500271979860493,22.407926159219777,59.82820712650623,250.1499714947348,,5.905130331653178,0,0,97.08917987439126,High,90-100
Andhra Pradesh,Hyderabad,1994,8,29.331169521427498,32.39315359554669,33.40234219848418,193.4168773773743,,2.587420439325191,1,0,94.1903328671889,High,90-100
Rajasthan,Jodhpur,1989,10,7.590163490452046,35.50503274869697,49.638249006765136,219.17890805396388,,9.416032813119186,2,0,86.41807461078271,High,80-90
West Bengal,Durgapur,2014,6,17.614640719393822,22.529209202572723,280.5540437716929,367.7680387507324,,2.7058709568078974,0,0,99.40062826424312,High,90-100
Delhi,Delhi,2013,9,24.343062663303332,27.187371412042665,201.87881003960865,307.40163856443183,92.87557619033714,17.210006103098724,0,0,88.90742988996874,High,80-90
Rajasthan,Jaipur,2005,2,7.963124175295675,24.70916657580674,249.0954030374592,52.64494822686291,,10.830188642074111,1,0,91.51856217501394,High,90-100
Delhi,New Delhi,2010,6,10.284134333997757,39.05144081524887,48.66942499417,181.4107866026057,,1.0686440267817319,1,0,97.91274303592955,High,90-100
West Bengal,Kolkata,1991,7,13.642555965380097,42.8523277716556,222.82602271256684,174.64671370594826,,15.637976152620553,0,0,96.07749949503486,High,90-100
Maharashtra,Mumbai,1999,1,13.705637034917299,37.209903960077476,126.42486957649095,167.2178112530737,,22.46519965478358,0,0,89.50738273521345,High,80-90
Delhi,Delhi,1987,9,3.0408437701023168,19.809442010601714,146.25091630579507,319.12561359779056,,9.569973966486375,1,1,66.45527263629542,Medium,60-70
Uttar Pradesh,Kanpur,2003,2,12.488405480840838,24.090430224729396,121.69838906838723,154.47038006574456,,23.137297484978653,0,0,89.08001915408107,High,80-90
Delhi,New Delhi,1988,11,16.145960240314672,35.35916870645108,125.89886927672438,210.4782522427176,,3.542157408392316,1,0,92.74599905250838,High,90-100
Karnataka,Mysore,2002,3,31.688697690641167,20.796515820781888,86.95962954217399,198.74995675382576,,18.593174076340738,0,0,87.91844739003491,High,80-90
Gujarat,Surat,1994,12,24.229139096991922,32.42646180360917,156.96426714758599,220.41667237813598,,9.03668321787652,0,0,93.62789049350654,High,90-100
Andhra Pradesh,Hyderabad,2006,8,25.071762874138635,0.4783172797187909,7.87984465562792,279.3686224968254,,6.804520495794099,0,0,97.0490627042688,High,90-100
Gujarat,Surat,1994,7,16.056944385845476,19.1885392696754,107.92725626137309,280.23224032921826,,4.525907649060613,0,0,93.91161295472395,High,90-100
Delhi,Delhi,2015,11,0.29073442061242005,15.582428326985264,196.38077993404238,258.3407163796366,,7.3504232748660385,0,0,95.39342841126769,High,90-100
Tamil Nadu,Chennai,1999,2,16.767765870712683,3.0124206927623973,135.39129437990482,219.111745816515,,11.6549620889467,0,0,96.60014564871811,High,90-100
Tamil Nadu,Chennai,2015,6,34.45822933218419,34.46910706748413,192.52303785465745,193.43854586859416,,16.52680519165318,0,0,92.82162759052642,High,90-100
Andhra Pradesh,Visakhapatnam,2007,1,26.433868131894506,51.29330189471828,152.4547114596871,239.20916342844913,,6.7775685021129215,0,1,75.55057555407298,Medium,70-80
West Bengal,Howrah,1999,11,23.291039616729464,27.502641815854847,199.59180947198485,296.2812779863299,,17.98332252215868,2,0,77.08615098165934,Medium,70-80
Delhi,Delhi,2015,7,21.880737337864254,56.20386955778457,156.53469329418664,295.87244055515845,,7.1128460436388,0,0,95.01001748785926,High,90-100
Gujarat,Surat,2012,9,28.64634229172203,14.561239453155109,176.48239755875767,424.8862441402193,,22.888930920143714,0,0,86.93221821754081,High,80-90
Tamil Nadu,Coimbatore,1998,10,16.521163939763493,24.51848824306357,205.05796527334326,198.99910482572278,,22.900264612717258,0,0,93.20643701561116,High,90-100
West Bengal,Howrah,2012,2,36.44119551681124,7.619835853646983,104.39452254449965,255.91578312490844,,5.58339486634025,0,0,94.8109365893834,High,90-100
Karnataka,Bangalore,1988,4,12.028569466587125,31.267738460204377,150.56359394903882,353.39925717389843,,6.12969767821724,0,0,91.88709979993081,High,90-100
Maharashtra,Mumbai,2002,10,12.866447928035933,19.66510603129546,124.22917340619458,322.18933898447085,,5.668622264490567,0,0,100.0,High,90-100
Delhi,New Delhi,1995,9,11.902313711103247,35.57326148214098,145.56902498561007,318.87654315444473,,7.43985264349169,1,0,90.491240118074,High,90-100
Uttar Pradesh,Agra,1999,3,17.959316866013175,29.36342014492949,101.50493009598505,252.1785128892473,,5.005535706797719,1,0,92.44166643479922,High,90-100
Uttar Pradesh,Lucknow,2003,7,26.34048048475099,4.296280121265109,107.34320144218154,209.4686567302889,,28.795410608597514,0,0,87.52402570345633,High,80-90
Rajasthan,Jaipur,2014,3,15.173850635869314,11.193331149484486,45.365489414273696,209.07395824603248,,3.6893430136075454,0,0,99.42349052156274,High,90-100
Madhya Pradesh,Indore,2002,7,27.44735053344961,32.1766738369722,16.74661725066072,304.3288165260947,,10.438830390657886,0,0,93.22684343037581,High,90-100
Madhya Pradesh,Indore,2000,6,47.162784641471795,36.09224928139393,79.00033082896996,357.0374517273534,,11.95843312545329,1,0,91.90271277828857,High,90-100
Maharashtra,Pune,1991,3,17.400735023959754,53.437102431012576,163.93214029232388,218.35469638248858,,23.40124745208179,0,0,90.39643252242438,High,90-100
Karnataka,Mysore,1989,8,10.830662017478566,22.904014799829802,111.84557920103163,355.1331189984462,106.68965305824122,19.37135643929149,0,0,95.68342299952883,High,90-100
Delhi,Delhi,2013,3,22.659210212972308,30.463708235623994,86.20170374054015,219.4973231041361,,5.3769352542043105,0,0,96.72399072127124,High,90-100
Karnataka,Mysore,2014,4,29.33115508357698,30.688147201150908,163.50199646346812,259.58829464224937,,3.783748006966266,0,0,98.49073442717639,High,90-100
Delhi,Delhi,2015,2,6.354130519615744,34.071917805016305,153.75705796161,250.9671129875615,,8.050215392121453,1,0,96.7328791285407,High,90-100
Madhya Pradesh,Bhopal,2006,4,39.32339972594481,28.110822511751035,142.1595369867887,271.0817049841112,,16.108234758469784,0,0,92.09417010801967,High,90-100
Delhi,New Delhi,2015,12,11.787308124496933,9.527256611282095,156.00452221215713,189.56199199668407,,4.251798781011519,0,0,100.0,High,90-100
West Bengal,Durgapur,2000,4,42.95302369169334,24.056772640833568,161.26070156857688,373.38620381610525,,2.8451078741429487,0,0,97.06264074212658,High,90-100
Maharashtra,Nagpur,2002,3,10.615827494582852,4.554573172192242,60.13210176271512,178.4040393783747,,20.164560265849225,0,0,85.16413221558415,High,80-90
Uttar Pradesh,Kanpur,1991,9,16.483418383842963,32.79379013042646,60.49167872756265,440.28925361347353,71.7459598782905,22.437001547446414,0,0,85.55796483219548,High,80-90
Karnataka,Bangalore,1989,10,10.288247075498475,56.28104699356402,73.59720282342194,88.23528950842993,,37.0595037605393,1,0,79.30494764231236,Medium,70-80
Andhra Pradesh,Visakhapatnam,1989,8,32.88163094346892,15.649412865059485,90.14433262225899,226.48123971976585,,13.923094940860242,0,0,94.6508541201632,High,90-100
Tamil Nadu,Coimbatore,1996,10,9.880650152853248,32.01424187476491,149.42662574412475,203.19460666168618,,4.186641757496185,1,0,88.75553524797802,High,80-90
Rajasthan,Jaipur,2011,7,21.728199258441766,23.237845651332325,189.72213059161572,198.08652626187364,,5.3292419356601215,0,1,78.91723486334776,Medium,70-80
Rajasthan,Jaipur,2014,8,15.609847502620793,39.88567972703293,47.646915801650536,74.21332119371351,,7.965435177829672,0,0,95.93310029470511,High,90-100
Uttar Pradesh,Lucknow,1991,4,17.510555970567474,38.23912538457401,129.44855380438344,288.9663021781311,,18.969102311555385,1,0,82.22134457969479,High,80-90
Andhra Pradesh,Hyderabad,1989,5,9.109446849445021,19.203997005117913,154.53710895583896,174.80593844114668,,20.7137327837724,0,0,82.19890194110856,High,80-90
Karnataka,Mysore,2008,5,20.911380980352714,9.675052719764818,110.98580955032713,291.6661242362486,,26.293661299233168,0,0,87.88980790602626,High,80-90
West Bengal,Howrah,2006,2,24.68743402621395,39.531278519117734,176.68190782306203,210.5091901397151,,47.11037299307255,1,0,73.80787224416054,Medium,70-80
Madhya Pradesh,Bhopal,1987,3,10.325898384742658,10.466320566064624,119.73467919302398,287.52713331789107,,10.787563988475265,0,0,89.24368165006084,High,80-90
Delhi,New Delhi,1996,5,11.36840759367617,44.3271133045136,75.959603797916,193.87231364022426,,10.258348224791902,1,0,88.11051178427586,High,80-90
West Bengal,Durgapur,1993,8,12.474564716566473,20.482802833858603,137.50060796433837,246.39308696821817,,18.83189339102034,0,1,70.33208578805669,Medium,70-80
Maharashtra,Pune,1992,3,13.159706630908612,41.347693804295815,4.420902940792587,286.2491305741238,,26.960572354003126,0,0,88.05663495292532,High,80-90
Andhra Pradesh,Hyderabad,2009,11,18.904139936951886,19.389174644061196,158.5866779148103,193.46958194200377,,20.094211817537,0,0,91.0853344619866,High,90-100
Uttar Pradesh,Lucknow,1988,7,19.761131176095237,7.102631904797679,162.46384000679194,338.64398313738315,,23.058063858170897,2,0,75.98076421773315,Medium,70-80
Andhra Pradesh,Hyderabad,2012,10,10.16376437942305,33.325954473381934,205.78362668366404,187.6187776901686,,1.244624145070497,0,0,100.0,High,90-100
Karnataka,Mysore,2000,2,14.298437517308475,35.806836279318816,121.78720084690816,199.7428348229402,,19.84548459150862,0,0,92.90691038548944,High,90-100
Madhya Pradesh,Indore,2011,2,33.21524565760082,3.650306483890347,94.40344216895359,298.9039376448538,,4.689976136659958,1,1,76.05515655248492,Medium,70-80
Madhya Pradesh,Bhopal,2003,8,13.29814490650366,21.778158456200995,52.87750038678536,208.00842255976943,,44.33614581247295,0,0,77.10874940363733,Medium,70-80
Gujarat,Ahmedabad,1989,9,21.693847940333335,10.248141616225912,145.39902397842928,390.2016953767725,,15.333754600930716,0,0,95.203209347713,High,90-100
Tamil Nadu,Coimbatore,1996,6,10.296466242684012,31.89252201640504,171.82651565950445,264.20446904120786,,20.259582905013318,0,0,92.75695592324993,High,90-100
Uttar Pradesh,Kanpur,2011,10,41.38772531047829,28.156463184278984,85.16447967730846,360.57710671303425,,10.336754172453594,0,0,97.96850118072615,High,90-100
Maharashtra,Pune,1992,1,11.063146108032605,13.368191494671294,137.6197476801094,320.20525836487343,,4.534931543293632,0,0,95.37829152031323,High,90-100
Uttar Pradesh,Agra,1994,3,19.794872767035155,38.14675646873687,105.02157301040629,254.21784639898615,,23.877025374718315,1,0,83.17128325548315,High,80-90
Delhi,Delhi,1990,11,17.290822584334965,3.509197461151693,105.24741704665936,351.2567478386293,,8.24909927099315,0,0,96.70568225283122,High,90-100
West Bengal,Howrah,1992,8,17.611765133025433,50.36120387665801,203.34623988623852,484.54215376852096,,4.937557761890703,0,0,100.0,High,90-100
Gujarat,Surat,2014,2,17.447820903271293,20.628491860365493,209.4002226182966,167.05493957034383,,12.605974222579894,0,0,95.94177423102455,High,90-100
Gujarat,Surat,1999,10,22.50391858154998,11.791531933120364,184.66078323007062,406.59917153761717,,20.17670296691758,0,0,94.48829123993822,High,90-100
Rajasthan,Jaipur,2015,1,8.61215731438713,32.69608207103584,8.737899028953478,159.59738748230436,,5.188454674022384,1,0,91.40327086765276,High,90-100
Delhi,Delhi,1990,8,19.66359256027982,45.46247747367262,96.01322324307546,305.8398947553684,,1.5477979604890748,0,0,100.0,High,90-100
Karnataka,Mysore,2011,7,19.020228709953802,38.40169116066249,5.551405775006174,108.48025883547606,,1.6972155275393974,0,0,100.0,High,90-100
Uttar Pradesh,Kanpur,2006,3,21.709725584686158,27.934556869540586,108.55088557485317,198.53479925763014,,9.610777450475364,0,0,96.09646362396082,High,90-100
Maharashtra,Pune,2004,6,16.687643906534564,40.9251633799628,173.04902951294076,194.36781663278438,,10.409199476817877,0,0,91.33911147958555,High,90-100
Tamil Nadu,Coimbatore,2010,11,27.145736833498667,20.24250700571127,98.23357021292317,343.4389927219614,,21.83631219700974,0,0,93.13814657374195,High,90-100
Andhra Pradesh,Hyderabad,1994,4,13.457758281837307,39.25930731220291,72.44970775169693,188.4098676351996,,1.8327808865277961,0,0,93.48694645127446,High,90-100
Gujarat,Surat,2013,7,13.417274927062095,21.974585756577138,67.33344790788524,315.4494169770218,,46.6425254842355,0,0,77.4696595482589,Medium,70-80
Uttar Pradesh,Agra,1996,12,27.40495428243029,38.98444571881544,167.52571982175647,234.01688708814433,,12.220942315594446,1,0,91.12094450937117,High,90-100
Madhya Pradesh,Indore,1991,12,11.938893339902931,7.115566731364659,212.80607385763386,364.5333802794243,,40.809772969435,0,0,77.46560397377263,Medium,70-80
Karnataka,Bangalore,2004,7,21.462601926067215,31.856441358498056,171.22442235491093,149.95194630432192,,13.43788913343953,0,0,89.50995828118452,High,80-90
West Bengal,Durgapur,1993,5,11.408089993053881,46.085831884910704,124.10863055554525,266.90606013513735,89.7543364041022,0.7653772826250586,0,0,93.18228635305235,High,90-100
Madhya Pradesh,Indore,1993,5,27.252555412798145,26.74617275085122,201.69548341962224,235.49194113088873,,16.863852771094745,1,0,84.15663735396018,High,80-90
Madhya Pradesh,Bhopal,1997,5,19.540238172194258,40.78130494335744,212.61079208295763,351.3940708422142,,2.9857517931753708,0,0,96.40412874833285,High,90-100
Tamil Nadu,Chennai,2006,12,5.901339958718763,5.532418046768171,142.82935367434888,316.6209202494843,,38.81010625190445,0,0,81.74143841368307,High,80-90
Gujarat,Surat,2008,12,12.418384252056242,35.67336417999795,77.1230212355351,246.41477258838862,,20.996731850129972,0,0,92.41533608491451,High,90-100
Tamil Nadu,Chennai,1990,12,10.96451723171379,10.670823084523025,115.92061633967032,395.2550820137154,,6.763153276880194,0,0,99.60543437895379,High,90-100
Delhi,New Delhi,1999,5,15.346973351489462,19.85613214937066,65.47452572675218,315.0691322299827,,2.624137405070462,2,0,87.92260363681001,High,80-90
Delhi,Delhi,2009,9,32.231269151015795,47.12934740803685,82.21540984368141,442.3862214889251,,14.044283499128142,0,0,91.92737979167627,High,90-100
Tamil Nadu,Coimbatore,1990,8,20.482515016025975,48.73673738121519,45.20255602685299,189.40501364856394,,11.66624668406723,1,0,92.2768423867943,High,90-100
Karnataka,Mysore,2010,9,34.52249891281625,45.98541217805308,138.46428305638676,169.18600357782123,,33.6770537013364,0,0,86.00079356555193,High,80-90
West Bengal,Durgapur,1996,8,14.582174286771513,39.86954884605353,212.5749562251064,93.3527015054357,,24.568452521375235,0,0,90.9686340929018,High,90-100
Karnataka,Bangalore,2005,3,20.4129696856154,19.20566173221048,65.11808364168101,168.90177030216748,,28.112604915204003,0,0,87.4784459401823,High,80-90
Rajasthan,Jodhpur,1989,10,8.971782501243613,24.43741785937907,121.03862548412368,145.99267171260746,,6.666073100044501,1,0,91.27510908292285,High,90-100
Madhya Pradesh,Bhopal,1993,9,2.884347216296339,36.77234869968683,179.47700000255873,281.057781047963,,30.95140337991334,1,0,83.6519300229517,High,80-90
Madhya Pradesh,Indore,2000,11,21.632488669309545,19.962792131018894,127.91189626984477,199.9785395373429,,12.542781371154874,0,0,94.63876364039326,High,90-100
Madhya Pradesh,Bhopal,1991,4,19.823163802336964,9.123587799206181,173.5169330100561,142.57727166698038,,30.1175443355041,0,0,81.8551340830009,High,80-90
Andhra Pradesh,Hyderabad,1997,12,7.622692220157633,1.0649773853484064,63.424837070055126,334.87327053698993,,1.8426357343173259,1,1,75.55082972754366,Medium,70-80
Madhya Pradesh,Bhopal,1997,7,22.308351159265243,47.18703152342648,166.54633329174447,341.128619658375,,7.753024659356111,0,0,92.4023802831213,High,90-100
Maharashtra,Pune,2013,4,14.010703050003235,19.959510185554414,74.85918285844377,82.31562550878641,,3.279619765753,0,0,98.0572250831309,High,90-100
Maharashtra,Mumbai,2015,11,15.041575851351261,14.90316168146475,79.92729776456287,148.41582245074807,,10.129251703132729,0,0,96.02706443366247,High,90-100
Karnataka,Mysore,2004,9,7.758539688155043,41.991253503562255,101.41621602196453,326.10316705511156,,10.041109247641218,1,0,90.76749135464298,High,90-100
Madhya Pradesh,Indore,2008,12,17.061004464247954,26.70102444297843,213.10334867615705,266.84797722955204,,2.550276275613024,0,0,100.0,High,90-100
Tamil Nadu,Coimbatore,2011,7,32.23641070036729,43.39816339516981,32.20316402448377,320.8726780344381,,9.299976656537122,1,0,92.53341493995175,High,90-100
Rajasthan,Jaipur,1999,5,36.25891779162853,31.220730828393492,114.09526515780908,111.44218607104776,,14.375767497375488,0,0,97.46146488868382,High,90-100
West Bengal,Kolkata,2014,1,23.018214128389715,38.25715406761135,139.8448395120142,302.45945617608083,,28.572497097384574,0,0,83.46926171929083,High,80-90
Rajasthan,Jodhpur,2014,2,14.70624903510784,10.779734066896687,154.3216945282769,31.50812373154963,,7.195619367968764,1,0,91.39852131882041,High,90-100
Madhya Pradesh,Bhopal,1989,1,25.236448234079447,37.80582003931913,66.22739827337917,366.7423527890331,,36.84427766691196,0,0,81.48760760606879,High,80-90
Madhya Pradesh,Indore,1989,2,2.8023282192226997,10.551027338859605,105.87295955523142,237.93843876870054,,20.059326672097292,0,0,90.02567362639425,High,90-100
Rajasthan,Jodhpur,1994,11,11.109300657513614,26.858534524110144,33.76486156509408,352.3455554045422,,10.82339329538851,1,0,89.73479480405028,High,80-90
Maharashtra,Mumbai,2004,3,4.425388643692152,49.931500618169906,184.7611776042445,363.6923378572369,,8.133385643600013,1,0,85.69109718748759,High,80-90
West Bengal,Kolkata,2005,2,25.085944379770165,57.723297162008684,196.7714513301804,322.1419618028167,,6.10880296413874,0,0,93.44904049107554,High,90-100
Tamil Nadu,Chennai,2010,11,18.431208849706486,27.034792609120835,85.2005938825761,216.06943534631887,,17.55959292619191,0,0,92.8170439918942,High,90-100
Uttar Pradesh,Lucknow,2007,4,38.94665924634249,22.439237665283397,175.6990162327274,195.6019240122423,,1.2913666797454786,0,0,92.60855766269691,High,90-100
Tamil Nadu,Coimbatore,1999,4,17.41865305175418,23.33360220099624,108.35568642547037,339.8515012286433,,28.750058393638454,1,0,81.54913646030364,High,80-90
Maharashtra,Nagpur,2003,8,35.3332470527336,27.530269554422976,91.67835269035801,254.20452658561663,,11.729148486255236,1,0,87.93882384513745,High,80-90
Andhra Pradesh,Visakhapatnam,1996,11,25.38044529391572,28.69149536759344,3.48854362863905,297.9721192175752,,6.0719037303668015,0,0,100.0,High,90-100
Delhi,Delhi,2013,11,22.366043785734888,9.857368613235774,106.92289359275608,265.93529414547874,,27.019015739840096,0,0,84.2591656212193,High,80-90
Andhra Pradesh,Visakhapatnam,2004,2,25.613731656581045,43.22929562280779,129.32121461633776,234.9916258971999,,12.955481134193056,0,0,91.57535189115485,High,90-100
Gujarat,Surat,2007,2,8.646940448195995,31.442351849794427,104.5855256238476,241.15298919854024,,12.071119059890263,0,0,93.23549555775561,High,90-100
Rajasthan,Jodhpur,2003,1,25.868558024827,40.374580575568025,94.18612527596926,139.49990192716166,,3.1303832648042866,1,0,89.58895716487513,High,80-90
Karnataka,Bangalore,1991,3,3.901196154166737,37.01648061475405,110.33883886461098,186.83911810262634,,15.877428743242723,0,0,90.30789689361221,High,90-100
Maharashtra,Nagpur,1989,9,18.84173367028524,2.2640400641299685,174.67648231969613,426.3660213239161,,45.25144387755729,0,0,75.52613403882835,Medium,70-80
Karnataka,Mysore,1990,1,9.195819880246141,46.269065421849525,110.67204608319318,150.8327198772172,,18.364920107512276,2,1,63.247879172370915,Medium,60-70
Maharashtra,Nagpur,2000,2,0.6621292345613199,15.45957284929067,167.14514705558628,254.59848885915025,,20.477074807140376,0,0,91.24525303389444,High,90-100
Karnataka,Bangalore,2015,9,21.832692545283315,6.070606790677029,99.69525933560774,402.88796484259456,,4.338453447038247,0,0,98.51206590278058,High,90-100
Uttar Pradesh,Kanpur,1999,4,19.893567118137053,40.17533564858449,184.65578715746128,161.64977503243927,,0.6898312470208401,1,0,92.17468274292776,High,90-100
Uttar Pradesh,Kanpur,2006,11,34.7289347749836,25.293289436431564,11.694200984588946,350.0938526074811,,6.209127095026633,1,0,96.68055617732769,High,90-100
Uttar Pradesh,Agra,1998,12,10.387354727858826,19.292369441227606,72.49780105947241,200.78735967688786,,5.477371605535357,0,0,96.5622559457823,High,90-100
Madhya Pradesh,Indore,2007,12,4.5514462433329435,15.962145479180935,110.77679408321094,297.3949806150094,,17.155939899290235,0,0,89.54609161804018,High,80-90
Rajasthan,Jaipur,1988,11,9.255198016852821,23.462666580821534,129.08495447227148,256.03625500122513,,53.81805446414961,0,0,70.06151973374995,Medium,70-80
Madhya Pradesh,Bhopal,1992,9,20.83492306370685,23.003556873635073,161.92214359221404,229.6319104178034,,28.18611863231586,0,0,86.61464769815353,High,80-90
Uttar Pradesh,Lucknow,1999,2,14.7373253273212,24.10801971154808,41.99362785781864,139.02394281442486,,21.562277213898952,0,0,90.76164649181797,High,90-100
Maharashtra,Nagpur,2009,4,17.59453040243176,3.430916764208952,213.17223783350602,100.71409599105866,,9.337467422596388,0,0,94.16757345126575,High,90-100
Andhra Pradesh,Hyderabad,1995,3,38.51646191004441,5.5649866821134,221.3095665218732,252.45924421644688,,14.572992499334697,0,0,89.89101725092762,High,80-90
Madhya Pradesh,Indore,1997,2,30.417642496103674,2.9357670991228204,141.60316812959115,242.00088957257154,,3.4272042051386133,1,0,98.53952035324605,High,90-100
Maharashtra,Mumbai,1990,8,11.52646925487333,2.5286699791019274,121.44778350045335,160.16545782616993,,28.233909094103847,0,0,86.22049846377787,High,80-90
Madhya Pradesh,Indore,1990,2,6.967637215644018,28.693784922475274,119.62556743366271,394.982063177192,,18.511354758703956,0,0,88.3706762584608,High,80-90
Andhra Pradesh,Hyderabad,1987,4,5.65325952187467,35.80581996945241,82.9699779637366,195.80963703470647,,8.661748634990404,0,1,81.54044291596881,High,80-90
Uttar Pradesh,Agra,2010,9,21.00996860103188,21.202929856780436,141.34599306720798,265.98133758382323,,7.134311805807841,0,0,96.60293265581964,High,90-100
Delhi,Delhi,1995,11,36.50418514154525,9.789684935987651,247.19546685043673,175.3418243985567,85.6029564883813,15.977081211701242,0,0,93.43779077133134,High,90-100
Rajasthan,Jodhpur,2012,12,17.924604582133426,52.30661906900092,97.02268290869473,233.48859783774387,,18.854024167418434,0,0,93.88734297604702,High,90-100
Maharashtra,Pune,1998,7,13.74604019441857,16.014860519220377,261.0926200830417,190.6248856400727,,43.10605734598953,1,0,75.7379017278157,Medium,70-80
Andhra Pradesh,Hyderabad,1992,11,20.22259053398159,29.643597196753692,123.5554843637481,191.70510647516807,,23.869706675045382,0,0,91.2401604680614,High,90-100
Uttar Pradesh,Lucknow,2005,5,27.987852482914178,4.760371289920521,120.92170809627245,188.16219668235337,,11.995962983038684,0,0,92.9193992999243,High,90-100
Madhya Pradesh,Indore,2015,2,17.479760944160404,37.679627555350955,130.64019598704445,395.43137699412443,,21.548132236254126,0,0,87.67156347886511,High,80-90
Karnataka,Bangalore,2003,1,23.576541412828185,16.326668293513663,73.99019337030171,280.1625943065727,,21.111233105670728,3,0,71.58773771776168,Medium,70-80
Rajasthan,Jodhpur,2011,4,14.801991622519095,1.3394483934852666,79.25322306741373,305.5940612351711,,5.0312022465622706,0,0,100.0,High,90-100
Uttar Pradesh,Kanpur,2005,8,12.83467498040112,51.59641262984297,120.12631508239035,211.33622150611512,,4.082419267406836,1,0,91.97210367405943,High,90-100
Gujarat,Surat,2003,12,15.633975962169691,43.79258838066586,144.64050714853585,190.9829474573499,,5.286692409408569,1,0,92.32688350383711,High,90-100
Gujarat,Surat,2000,12,30.113757217962664,55.67991622219139,13.241345905391086,302.611677928439,,21.18137829923831,0,0,93.47428210400969,High,90-100
Gujarat,Surat,2011,6,20.889667009669022,53.42281958169867,7.288320383574302,318.2287472187696,,8.031321565698585,0,0,95.42745580491727,High,90-100
Gujarat,Surat,1988,10,26.24296077685584,26.360436518214755,52.71639010550898,192.86782652291006,,4.100822064454964,0,0,97.45352083756724,High,90-100
Andhra Pradesh,Hyderabad,1988,11,28.048015009011376,19.422646904202566,172.58606100934475,180.92803059112205,,11.677244568555519,0,0,88.54560133721228,High,80-90
Madhya Pradesh,Indore,1998,4,8.444995273711118,27.650394376665044,157.43640729047112,247.75622475297027,,14.323510639841672,1,0,87.48755748503386,High,80-90
Maharashtra,Pune,1989,8,2.04104575385791,41.19175819891173,162.93981979523087,416.0125184367455,,7.733957722582587,1,0,93.46770543372693,High,90-100
Delhi,Delhi,1998,6,33.32104929134855,33.47933657409576,128.16582075773798,203.21971362662208,,4.521814442399855,0,0,100.0,High,90-100
Gujarat,Ahmedabad,2013,5,14.035261865854556,20.277556990666525,129.11496027175116,206.13135191458178,,7.82557909638693,0,0,95.82965611677729,High,90-100
Madhya Pradesh,Indore,1991,5,15.061987376330979,28.01824415738015,122.27354614422212,353.8468777767557,,16.22030365564532,1,0,87.80086768263388,High,80-90
Andhra Pradesh,Visakhapatnam,2010,11,4.041347215752014,28.35195894106839,152.91917335491303,196.86760028548915,,20.519941614184116,0,0,94.31708708330487,High,90-100
Tamil Nadu,Coimbatore,1996,2,19.58244219484797,13.63523257145313,129.77920926072414,299.91140576362744,,9.931307196633322,1,0,90.56439497490385,High,90-100
Tamil Nadu,Coimbatore,2000,7,18.251210885512684,29.283845975015037,75.39309252046495,319.546259255391,,23.772016232517636,0,0,86.37108486694886,High,80-90
Maharashtra,Mumbai,1999,7,1.9632291821689591,44.80350998325176,73.51337016195541,475.07572568516525,,26.038419869268676,0,0,90.88543536535927,High,90-100
Rajasthan,Jodhpur,2001,3,17.732044841935288,5.914102190901996,140.0124183548198,353.5078945120819,,17.910626323754713,0,0,88.42832873050541,High,80-90
Maharashtra,Mumbai,1993,6,7.607553781022327,29.934665037553707,2.943519274237829,266.5398484840853,,4.4603505682931095,0,0,100.0,High,90-100
Rajasthan,Jaipur,2006,3,15.210621645557389,34.08125375608939,4.190893401126601,437.31275168640354,,5.099967206878705,1,0,95.50871594832482,High,90-100
Karnataka,Bangalore,1991,10,38.640251568402036,34.375380260851465,97.44647263500374,242.0608189671521,,1.3290822106452607,1,0,97.48038703286396,High,90-100
Maharashtra,Pune,2005,5,22.282241767068445,42.24537152661416,205.3605558943986,269.80610603820213,,15.282291119377994,0,0,90.750122625272,High,90-100
Gujarat,Surat,1996,8,34.52502964092954,6.026917707408995,83.37755739093475,273.783054312568,118.20751055504468,34.74465789094274,0,0,81.442838468017,High,80-90
Maharashtra,Mumbai,2010,10,7.061007099131931,36.838841984805725,160.3617304200061,164.3712814887441,,12.838044120747997,1,0,88.81871584741917,High,80-90
Karnataka,Bangalore,1992,3,2.7958566638128914,45.79518609633638,91.3715390562823,44.70398304941486,,14.29781996903996,1,0,83.65461815184936,High,80-90
Maharashtra,Mumbai,1989,3,12.070080059526738,24.249177556175322,37.147907298500684,393.06779502104473,,12.130369412869397,1,0,92.19799375331927,High,90-100
Rajasthan,Jodhpur,2005,11,29.120318520899367,37.97878011141078,238.2101726224366,142.68974431586406,,15.175505799184927,0,0,92.54844203898129,High,90-100
Delhi,New Delhi,2006,7,14.15017462044111,39.05966538426328,25.22566023811393,449.5076224146425,,30.040119014925782,1,0,79.15033441662948,Medium,70-80
Rajasthan,Jaipur,1992,2,20.406646858572856,25.025640806837185,30.599161199837596,224.3855538442846,,13.977216985921824,0,0,90.96766571456433,High,90-100
Madhya Pradesh,Indore,1990,12,36.315286296380286,42.69853919407617,53.484799769501834,470.41611240581625,,3.3265107127477282,1,1,70.87277172665661,Medium,70-80
Madhya Pradesh,Bhopal,1999,11,23.024820823779017,33.76292639058527,120.1142639784675,237.10129407849377,,15.444424990152564,1,1,68.983593421012,Medium,60-70
West Bengal,Howrah,1994,6,11.807598087000619,23.615922990572127,118.04289685631177,185.5498391408883,,20.876140580287093,0,0,86.29297975425219,High,80-90
Maharashtra,Nagpur,1994,2,21.236529291532822,35.43960938252136,145.73469090267776,298.6284193617899,,29.494522403424195,0,0,87.85324396779879,High,80-90
Andhra Pradesh,Hyderabad,2008,12,5.385911629964211,11.626040435215383,129.86245546904686,296.7932910239505,,8.967648948608298,0,0,93.89530377976968,High,90-100
Uttar Pradesh,Kanpur,1994,8,10.852864988586376,36.9907687330582,159.4103090374691,284.6042082059126,,34.252476925927006,1,0,75.30137328775731,Medium,70-80
West Bengal,Kolkata,2012,7,42.77243742287514,25.277140256402042,106.91681701622518,322.7625978119762,,3.5480218277472106,0,0,93.95719997636245,High,90-100
Karnataka,Mysore,2014,8,31.597158090964296,14.002273345038281,165.4620221069644,267.54718276759155,,25.294356472375657,1,0,83.79490724038517,High,80-90
West Bengal,Howrah,2009,12,25.384419109132487,40.430833012787524,210.33622282074757,44.142373500371406,,7.735564557412474,0,0,91.93447014478055,High,90-100
Tamil Nadu,Chennai,1988,8,24.77181222727848,25.44057558316908,77.0572568420894,245.6796352518765,,16.79436054186177,0,0,92.29478629372649,High,90-100
Madhya Pradesh,Bhopal,1987,5,20.0198845902709,5.884868039864163,82.59920379241063,290.74822730676823,,1.2101501732760858,0,0,97.63769188830861,High,90-100
Karnataka,Bangalore,1999,9,20.50709777857417,25.911498188104307,254.95346833205508,115.56322171998625,,18.827461462271845,1,0,82.22745302397837,High,80-90
Maharashtra,Pune,2009,10,1.4932048124264057,35.44681197502551,2.6820950944505597,268.2685220463394,,21.56908562929827,0,1,62.206540796925665,Medium,60-70
Delhi,New Delhi,1998,7,29.406152191983153,31.60586910150919,224.58305609542282,85.3372646024342,,17.449970151498043,1,0,88.0135267227009,High,80-90
